category,content
GIT,"Q1. error: src refspec master does not match any error: failed to push some refs to 'https://github.com/username/repository.git' 이런 경우 어떻게 해결해야 하나요? 답변: 이 오류는 로컬 브랜치 이름이 원격 브랜치 이름과 일치하지 않을 때 발생합니다. 로컬 브랜치가 존재하는지 확인하고, 'git push origin main'처럼 정확한 브랜치 이름을 사용해 보세요."
GIT,"Q2. 깃에서 브랜치를 생성하고 전환하는 방법은 무엇인가요? 답변: 새로운 브랜치를 생성하려면 'git branch 브랜치이름'을 사용하고, 해당 브랜치로 전환하려면 'git checkout 브랜치이름'을 사용하세요. 생성과 동시에 전환하려면 'git checkout -b 브랜치이름'을 사용하면 됩니다."
GIT,"Q3. 깃 허브 원격저장소에서 변경 사항을 가져오는 방법은 무엇인가요? 답변: 'git pull' 명령어를 사용하면 원격 저장소에서 변경된 사항을 가져와 로컬 저장소와 병합할 수 있습니다. 'git fetch'는 변경 사항을 가져오기만 하고, 병합은 수동으로 'git merge'를 사용하여 진행할 수 있습니다."
GIT,"Q4. HEAD는 무엇을 의미하나요? 답변: HEAD는 현재 작업 중인 브랜치를 가리키는 포인터입니다. HEAD는 항상 작업 트리의 가장 최근 커밋을 가리킵니다. 새로운 커밋을 만들면 HEAD가 그 커밋을 가리키도록 업데이트됩니다."
GIT,"Q5. 깃에서 커밋 메시지를 수정할 수 있나요? 답변: 가능합니다. 'git commit --amend' 명령어를 사용하여 마지막 커밋 메시지를 수정할 수 있습니다. 하지만 이미 원격 저장소에 푸시한 커밋 메시지를 수정하는 것은 권장되지 않습니다."
GIT,"Q6. push/pull을 잘못하여 브랜치에 이상한 병합이 발생했습니다. 어떻게 해결하나요? 답변: 잘못된 병합을 되돌리기 위해 'git reset --hard' 또는 'git revert' 명령어를 사용할 수 있습니다. 'git reset'은 특정 커밋으로 되돌아가고 이후의 변경 사항을 삭제하며, 'git revert'는 잘못된 커밋을 취소하는 새로운 커밋을 만듭니다."
GIT,"Q7. 파일을 변경하고 저장한 후 커밋을 하려고 하면 'There are no staged changes to commit'이라는 메시지가 뜹니다. 어떻게 해결하나요? 답변: 변경된 파일을 스테이징 영역에 추가해야 합니다. 'git add 파일명' 명령어를 사용하여 파일을 스테이징한 후 커밋을 진행하세요."
GIT,"Q8. 'fatal: remote origin already exists.' 오류가 발생합니다. 해결 방법은? 답변: 'git remote add origin' 명령어를 사용했을 때 이미 origin이 존재하면 발생하는 오류입니다. 'git remote set-url origin URL'을 사용하여 원격 저장소 URL을 업데이트하세요."
GIT,"Q9. 'Permission denied (publickey)' 오류가 발생합니다. 해결 방법은? 답변: 이 오류는 SSH 키 인증 문제로 발생합니다. 로컬 머신에 SSH 키가 설정되어 있는지 확인하고, GitHub 계정에 SSH 키를 추가하세요. 'ssh-keygen' 명령어로 새 키를 생성할 수 있습니다."
GIT,"Q10. Git에서 변경 사항을 무시하고 싶을 때는 어떻게 하나요? 답변: 특정 파일이나 디렉토리를 Git이 추적하지 않도록 하려면 .gitignore 파일에 해당 파일이나 디렉토리를 추가하세요. 이미 추적 중인 파일을 무시하려면 'git rm --cached 파일명'을 사용하세요."
GIT,"Q11. 이전 커밋으로 되돌아가고 싶은데, 어떻게 하나요? 답변: 'git checkout 커밋해시'를 사용하여 이전 커밋으로 이동할 수 있습니다. 작업 트리를 완전히 되돌리고 싶다면 'git reset --hard 커밋해시'를 사용하세요. 주의: 'reset --hard'는 이후의 모든 변경 사항을 삭제합니다."
GIT,"Q12. 'git stash'는 무엇인가요? 답변: 'git stash'는 작업 중인 변경 사항을 임시로 저장하고, 깨끗한 작업 트리로 돌아갈 수 있게 합니다. 'git stash apply'를 사용하여 저장된 변경 사항을 다시 적용할 수 있습니다."
GIT,"Q13. 'git rebase'와 'git merge'의 차이는 무엇인가요? 답변: 'git merge'는 두 브랜치를 병합하여 새로운 커밋을 만듭니다. 'git rebase'는 현재 브랜치의 기반을 다른 브랜치의 최신 커밋으로 재조정하여 병합 커밋 없이 병합합니다. 리베이스는 히스토리를 깔끔하게 유지하는 데 유용합니다."
GIT,"Q14. 로컬에서 커밋을 되돌리려면 어떻게 하나요? 답변: 'git reset'을 사용하여 커밋을 되돌릴 수 있습니다. 'git reset --soft HEAD~1'은 마지막 커밋을 되돌리고, 변경 사항을 스테이징 상태로 유지합니다. 'git reset --hard HEAD~1'은 마지막 커밋을 되돌리고, 변경 사항을 모두 삭제합니다."
GIT,"Q15. 'git diff'는 무엇을 하나요? 답변: 'git diff'는 워킹 디렉토리와 스테이징 영역 간의 차이, 또는 두 커밋 간의 차이를 보여줍니다. 예를 들어, 'git diff HEAD'는 마지막 커밋과 워킹 디렉토리의 차이를 보여줍니다."
GIT,"Q16. 브랜치를 삭제하는 방법은? 답변: 로컬 브랜치를 삭제하려면 'git branch -d 브랜치이름'을 사용하세요. 원격 브랜치를 삭제하려면 'git push origin --delete 브랜치이름'을 사용하세요."
GIT,"Q17. 'git log' 명령어는 어떤 정보를 제공하나요? 답변: 'git log'는 저장소의 커밋 히스토리를 보여줍니다. 각 커밋의 해시, 작성자, 날짜, 커밋 메시지를 확인할 수 있습니다. 'git log --oneline'을 사용하면 간략하게 표시됩니다."
GIT,"Q18. 'git clone'은 무엇을 하나요? 답변: 'git clone'은 원격 저장소의 전체 내용을 로컬에 복제합니다. 이 명령어는 원격 저장소의 모든 파일과 히스토리를 포함한 새로운 디렉토리를 생성합니다."
GIT,"Q19. 원격 브랜치와 로컬 브랜치를 동기화하려면 어떻게 하나요? 답변: 'git fetch'로 원격 브랜치의 변경 사항을 가져오고, 'git merge origin/브랜치이름'으로 로컬 브랜치에 병합합니다. 'git pull'은 이 두 과정을 한 번에 수행합니다."
GIT,"Q20. 깃에서 충돌(conflict)을 해결하는 방법은 무엇인가요? 답변: 충돌이 발생하면 Git은 충돌이 발생한 파일을 표시합니다. 파일을 열어 충돌 부분을 수동으로 수정한 후 'git add 파일명'으로 스테이징하고, 'git commit'으로 커밋하여 충돌을 해결할 수 있습니다."

Pandas,"Q1. Pandas에서 데이터프레임을 생성하는 방법은 무엇인가요? 답변: pd.DataFrame() 함수를 사용하여 데이터프레임을 생성할 수 있습니다. 예를 들어, 'df = pd.DataFrame(data)' 형식으로 사용할 수 있습니다. data는 리스트, 딕셔너리, numpy 배열 등을 포함할 수 있습니다."
Pandas,"Q2. CSV 파일을 읽어들이는 방법은 무엇인가요? 답변: pd.read_csv() 함수를 사용하여 CSV 파일을 읽어들일 수 있습니다. 예를 들어, 'df = pd.read_csv('파일명.csv')'와 같이 사용합니다. 추가 옵션으로 구분자, 인코딩, 특정 열만 읽기 등의 설정이 가능합니다."
Pandas,"Q3. 데이터프레임에서 특정 열을 선택하는 방법은? 답변: 데이터프레임에서 특정 열을 선택하려면 대괄호([])를 사용합니다. 예를 들어, 'df['열이름']' 또는 'df[['열1', '열2']]'와 같이 여러 열을 선택할 수 있습니다."
Pandas,"Q4. 데이터프레임의 행을 필터링하는 방법은? 답변: 조건식을 사용하여 데이터프레임의 행을 필터링할 수 있습니다. 예를 들어, 'df[df['열이름'] > 값]'과 같이 조건을 만족하는 행을 선택할 수 있습니다."
Pandas,"Q5. 데이터프레임에서 결측치를 처리하는 방법은? 답변: 결측치를 처리하는 방법은 여러 가지가 있습니다. 'df.dropna()'를 사용하여 결측치가 있는 행을 삭제하거나, 'df.fillna(값)'을 사용하여 결측치를 특정 값으로 대체할 수 있습니다."
Pandas,"Q6. 데이터프레임을 정렬하는 방법은? 답변: 'df.sort_values()' 함수를 사용하여 데이터프레임을 정렬할 수 있습니다. 예를 들어, 'df.sort_values(by='열이름', ascending=True)'는 지정한 열을 기준으로 오름차순 정렬합니다."
Pandas,"Q7. 데이터프레임에서 중복된 행을 제거하는 방법은? 답변: 'df.drop_duplicates()' 함수를 사용하여 중복된 행을 제거할 수 있습니다. 특정 열을 기준으로 중복을 제거하려면 'subset' 옵션을 사용할 수 있습니다. 예를 들어, 'df.drop_duplicates(subset=['열이름'])'과 같이 사용합니다."
Pandas,"Q8. 데이터프레임의 행과 열을 전치(transpose)하는 방법은? 답변: 'df.T' 속성을 사용하여 데이터프레임의 행과 열을 전치할 수 있습니다. 예를 들어, 'df_transposed = df.T'와 같이 사용합니다."
Pandas,"Q9. 데이터프레임의 특정 열을 새로운 데이터프레임으로 복사하는 방법은? 답변: 새로운 데이터프레임을 생성하려면, 'df_new = df[['열이름1', '열이름2']].copy()'와 같이 사용합니다. copy() 메서드는 원본 데이터프레임과 독립적인 복사본을 만듭니다."
Pandas,"Q10. 데이터프레임에서 열의 데이터 타입을 변경하는 방법은? 답변: 'df['열이름'] = df['열이름'].astype(타입)'을 사용하여 열의 데이터 타입을 변경할 수 있습니다. 예를 들어, 'df['열이름'] = df['열이름'].astype(int)'와 같이 사용합니다."
Pandas,"Q11. 데이터프레임에서 그룹별로 집계하는 방법은? 답변: 'df.groupby('열이름').agg({집계함수})'를 사용하여 그룹별로 집계할 수 있습니다. 예를 들어, 'df.groupby('열이름').agg({'다른열': 'sum'})'은 지정한 열을 기준으로 그룹화하고, 다른 열의 값을 합산합니다."
Pandas,"Q12. 데이터프레임에서 새로운 열을 추가하는 방법은? 답변: 'df['새로운열'] = 값'을 사용하여 새로운 열을 추가할 수 있습니다. 값은 고정 값, 계산된 값 또는 다른 열의 값 등을 사용할 수 있습니다."
Pandas,"Q13. 데이터프레임을 피벗(pivot)하는 방법은? 답변: 'df.pivot_table()' 함수를 사용하여 데이터를 피벗할 수 있습니다. 예를 들어, 'df.pivot_table(index='행이름', columns='열이름', values='값', aggfunc='mean')'와 같이 사용합니다."
Pandas,"Q14. 데이터프레임에서 조건에 따라 값을 대체하는 방법은? 답변: 'df.loc[조건, '열이름'] = 새로운값'을 사용하여 조건에 따라 값을 대체할 수 있습니다. 예를 들어, 'df.loc[df['열이름'] > 값, '열이름'] = 새로운값'과 같이 사용합니다."
Pandas,"Q15. 데이터프레임에서 열의 이름을 변경하는 방법은? 답변: 'df.rename(columns={'기존열이름': '새열이름'})'을 사용하여 열의 이름을 변경할 수 있습니다. 예를 들어, 'df.rename(columns={'old_name': 'new_name'})'와 같이 사용합니다."
Pandas,"Q16. 데이터프레임을 결합하는 방법은? 답변: 'pd.concat()' 함수를 사용하여 데이터프레임을 결합할 수 있습니다. 예를 들어, 'df_combined = pd.concat([df1, df2], axis=0)'은 두 데이터프레임을 행 방향으로 결합합니다."
Pandas,"Q17. 데이터프레임을 병합(merge)하는 방법은? 답변: 'pd.merge()' 함수를 사용하여 데이터프레임을 병합할 수 있습니다. 예를 들어, 'df_merged = pd.merge(df1, df2, on='공통열', how='inner')'와 같이 사용합니다."
Pandas,"Q18. 데이터프레임에서 특정 값의 개수를 세는 방법은? 답변: 'df['열이름'].value_counts()'를 사용하여 특정 값의 개수를 셀 수 있습니다. 예를 들어, 'df['열이름'].value_counts()'는 열에 있는 각 값의 빈도를 반환합니다."
Pandas,"Q19. 데이터프레임에서 문자열을 다루는 방법은? 답변: 'df['열이름'].str' 속성을 사용하여 문자열을 다룰 수 있습니다. 예를 들어, 'df['열이름'].str.contains('문자열')'은 열에 문자열이 포함된 행을 필터링합니다."
Pandas,"Q20. 데이터프레임을 엑셀 파일로 저장하는 방법은? 답변: 'df.to_excel('파일명.xlsx', index=False)'를 사용하여 데이터프레임을 엑셀 파일로 저장할 수 있습니다. index=False 옵션은 인덱스를 파일에 저장하지 않도록 합니다."

Data Visualization,"Q1. Matplotlib에서 기본적인 라인 그래프를 그리는 방법은? 답변: plt.plot() 함수를 사용하여 라인 그래프를 그릴 수 있습니다. 예를 들어, 'plt.plot(x, y)'와 같이 사용합니다. x와 y는 각각의 데이터입니다."
Data Visualization,"Q2. Seaborn에서 기본적인 산점도를 그리는 방법은? 답변: sns.scatterplot() 함수를 사용하여 산점도를 그릴 수 있습니다. 예를 들어, 'sns.scatterplot(x='x_col', y='y_col', data=df)'와 같이 사용합니다. df는 데이터프레임입니다."
Data Visualization,"Q3. Matplotlib에서 그래프의 제목과 축 레이블을 추가하는 방법은? 답변: plt.title(), plt.xlabel(), plt.ylabel() 함수를 사용하여 그래프의 제목과 축 레이블을 추가할 수 있습니다. 예를 들어, 'plt.title('Title')', 'plt.xlabel('X Axis')', 'plt.ylabel('Y Axis')'와 같이 사용합니다."
Data Visualization,"Q4. Seaborn에서 히스토그램을 그리는 방법은? 답변: sns.histplot() 함수를 사용하여 히스토그램을 그릴 수 있습니다. 예를 들어, 'sns.histplot(data=df, x='column_name')'와 같이 사용합니다."
Data Visualization,"Q5. Matplotlib에서 여러 개의 플롯을 하나의 그림에 그리는 방법은? 답변: plt.subplot() 함수를 사용하여 여러 개의 플롯을 하나의 그림에 그릴 수 있습니다. 예를 들어, 'plt.subplot(2, 1, 1)'와 같이 사용하여 2행 1열의 첫 번째 플롯을 그릴 수 있습니다."
Data Visualization,"Q6. Seaborn에서 박스플롯을 그리는 방법은? 답변: sns.boxplot() 함수를 사용하여 박스플롯을 그릴 수 있습니다. 예를 들어, 'sns.boxplot(x='category', y='value', data=df)'와 같이 사용합니다."
Data Visualization,"Q7. Matplotlib에서 막대 그래프를 그리는 방법은? 답변: plt.bar() 함수를 사용하여 막대 그래프를 그릴 수 있습니다. 예를 들어, 'plt.bar(x, height)'와 같이 사용합니다. x는 막대의 위치, height는 막대의 높이입니다."
Data Visualization,"Q8. Seaborn에서 데이터프레임의 쌍플롯(pairplot)을 그리는 방법은? 답변: sns.pairplot() 함수를 사용하여 쌍플롯을 그릴 수 있습니다. 예를 들어, 'sns.pairplot(df)'와 같이 사용합니다. df는 데이터프레임입니다."
Data Visualization,"Q9. Matplotlib에서 그래프의 범례를 추가하는 방법은? 답변: plt.legend() 함수를 사용하여 그래프의 범례를 추가할 수 있습니다. 예를 들어, 'plt.legend(['Label 1', 'Label 2'])'와 같이 사용합니다."
Data Visualization,"Q10. Seaborn에서 카운트플롯을 그리는 방법은? 답변: sns.countplot() 함수를 사용하여 카운트플롯을 그릴 수 있습니다. 예를 들어, 'sns.countplot(x='column_name', data=df)'와 같이 사용합니다."
Data Visualization,"Q11. Matplotlib에서 그래프의 색상을 변경하는 방법은? 답변: plt.plot() 또는 plt.scatter() 등의 함수에 color 매개변수를 사용하여 그래프의 색상을 변경할 수 있습니다. 예를 들어, 'plt.plot(x, y, color='red')'와 같이 사용합니다."
Data Visualization,"Q12. Seaborn에서 히트맵을 그리는 방법은? 답변: sns.heatmap() 함수를 사용하여 히트맵을 그릴 수 있습니다. 예를 들어, 'sns.heatmap(data=df.corr())'와 같이 사용합니다. df.corr()은 데이터프레임의 상관 행렬입니다."
Data Visualization,"Q13. Matplotlib에서 그래프의 스타일을 변경하는 방법은? 답변: plt.style.use() 함수를 사용하여 그래프의 스타일을 변경할 수 있습니다. 예를 들어, 'plt.style.use('ggplot')'와 같이 사용합니다."
Data Visualization,"Q14. Seaborn에서 KDE플롯을 그리는 방법은? 답변: sns.kdeplot() 함수를 사용하여 KDE플롯을 그릴 수 있습니다. 예를 들어, 'sns.kdeplot(data=df['column_name'], shade=True)'와 같이 사용합니다."
Data Visualization,"Q15. Matplotlib에서 그래프의 크기를 설정하는 방법은? 답변: plt.figure() 함수를 사용하여 그래프의 크기를 설정할 수 있습니다. 예를 들어, 'plt.figure(figsize=(10, 6))'와 같이 사용합니다."
Data Visualization,"Q16. Seaborn에서 바플롯을 그리는 방법은? 답변: sns.barplot() 함수를 사용하여 바플롯을 그릴 수 있습니다. 예를 들어, 'sns.barplot(x='category', y='value', data=df)'와 같이 사용합니다."
Data Visualization,"Q17. Matplotlib에서 그래프의 축 눈금을 설정하는 방법은? 답변: plt.xticks()와 plt.yticks() 함수를 사용하여 그래프의 축 눈금을 설정할 수 있습니다. 예를 들어, 'plt.xticks(ticks=range(0, 10, 2))'와 같이 사용합니다."
Data Visualization,"Q18. Seaborn에서 바이올린플롯을 그리는 방법은? 답변: sns.violinplot() 함수를 사용하여 바이올린플롯을 그릴 수 있습니다. 예를 들어, 'sns.violinplot(x='category', y='value', data=df)'와 같이 사용합니다."
Data Visualization,"Q19. Matplotlib에서 그래프를 파일로 저장하는 방법은? 답변: plt.savefig() 함수를 사용하여 그래프를 파일로 저장할 수 있습니다. 예를 들어, 'plt.savefig('filename.png')'와 같이 사용합니다."
Data Visualization,"Q20. Seaborn에서 페이싯그리드를 사용하는 방법은? 답변: sns.FacetGrid() 함수를 사용하여 페이싯그리드를 만들 수 있습니다. 예를 들어, 'g = sns.FacetGrid(df, col='category')'와 같이 사용하고, 'g.map(sns.histplot, 'value')'로 각 페이싯에 히스토그램을 그릴 수 있습니다."

Univariate Analysis,"Q1. 단변량 분석(Univariate Analysis)이란 무엇인가요? 답변: 단변량 분석은 단일 변수의 분포와 특성을 분석하는 기법입니다. 주로 평균, 중앙값, 최빈값, 분산, 표준편차, 히스토그램, 박스플롯 등을 사용하여 데이터를 이해합니다."
Univariate Analysis,"Q2. 평균과 중앙값의 차이는 무엇인가요? 답변: 평균은 모든 값을 더한 후 값의 개수로 나눈 값이고, 중앙값은 값들을 크기 순으로 정렬했을 때 중앙에 위치한 값입니다. 평균은 극단값에 민감하지만, 중앙값은 그렇지 않습니다."
Univariate Analysis,"Q3. 히스토그램이란 무엇인가요? 답변: 히스토그램은 데이터의 분포를 시각적으로 나타내는 도구로, 데이터를 구간(bin)으로 나누어 각 구간의 빈도수를 막대로 표현합니다."
Univariate Analysis,"Q4. 박스플롯(Boxplot)이란 무엇인가요? 답변: 박스플롯은 데이터의 사분위수를 이용해 데이터 분포를 시각화하는 도구입니다. 중앙값, 1사분위수, 3사분위수, 그리고 이상치를 시각적으로 표현합니다."
Univariate Analysis,"Q5. 분산과 표준편차의 차이는 무엇인가요? 답변: 분산은 데이터 값들이 평균으로부터 얼마나 떨어져 있는지를 나타내는 값의 제곱의 평균이고, 표준편차는 분산의 제곱근으로, 데이터 분포의 흩어짐 정도를 나타냅니다."
Univariate Analysis,"Q6. 왜도(Skewness)란 무엇인가요? 답변: 왜도는 데이터 분포의 비대칭성을 나타내는 지표입니다. 왜도가 0이면 대칭분포, 양수이면 오른쪽으로 긴 꼬리, 음수이면 왼쪽으로 긴 꼬리를 갖습니다."
Univariate Analysis,"Q7. 첨도(Kurtosis)란 무엇인가요? 답변: 첨도는 데이터 분포의 뾰족한 정도를 나타내는 지표입니다. 첨도가 높으면 뾰족한 분포, 낮으면 평평한 분포를 의미합니다."
Univariate Analysis,"Q8. 범주형 데이터의 단변량 분석 방법은? 답변: 범주형 데이터는 주로 도수분포표, 막대그래프, 파이차트 등을 사용하여 분석합니다. 각 범주의 빈도와 비율을 계산하여 시각적으로 표현합니다."
Univariate Analysis,"Q9. 수치형 데이터의 단변량 분석 방법은? 답변: 수치형 데이터는 히스토그램, 박스플롯, QQ플롯 등을 사용하여 분석합니다. 또한 평균, 중앙값, 최빈값, 분산, 표준편차 등을 계산하여 데이터의 중심 경향성과 변동성을 파악합니다."
Univariate Analysis,"Q10. 데이터의 이상치(Outlier)를 탐지하는 방법은? 답변: 이상치는 박스플롯, Z-스코어, IQR(Interquartile Range) 방법 등을 사용하여 탐지할 수 있습니다. 일반적으로 데이터 분포에서 벗어난 값들을 이상치로 간주합니다."
Univariate Analysis,"Q11. 히스토그램의 구간(bin)을 설정하는 방법은? 답변: 히스토그램의 구간은 데이터의 범위와 분포에 따라 설정할 수 있으며, Sturges' formula, Freedman-Diaconis rule 등을 이용해 적절한 구간 수를 결정할 수 있습니다."
Univariate Analysis,"Q12. 중앙값(Median)이 유용한 경우는? 답변: 중앙값은 데이터의 극단값에 영향을 받지 않으므로, 이상치가 있는 데이터나 비대칭 분포를 가진 데이터에서 유용합니다."
Univariate Analysis,"Q13. 수치형 데이터의 분포를 시각화하는 다른 방법은? 답변: 히스토그램 외에도 커널 밀도 추정(KDE) 그래프, 빈 플롯(Bin plot), 바이올린 플롯(Violin plot) 등이 있습니다."
Univariate Analysis,"Q14. Z-스코어란 무엇인가요? 답변: Z-스코어는 데이터 값이 평균으로부터 얼마나 떨어져 있는지를 표준편차 단위로 나타낸 값입니다. 이상치를 탐지하거나 데이터 표준화에 사용됩니다."
Univariate Analysis,"Q15. QQ플롯이란 무엇인가요? 답변: QQ플롯은 데이터의 분포가 특정 분포(예: 정규분포)를 따르는지 확인하는 시각화 도구입니다. 데이터의 분위수와 이론적 분포의 분위수를 비교하여 분포의 일치 정도를 나타냅니다."
Bivariate Analysis,"Q16. 이변량 분석(Bivariate Analysis)이란 무엇인가요? 답변: 이변량 분석은 두 변수 간의 관계를 분석하는 기법입니다. 상관분석, 교차분석, 산점도, 로지스틱 회귀 등 다양한 방법을 사용하여 변수 간의 상호작용을 파악합니다."
Bivariate Analysis,"Q17. 상관계수(Correlation Coefficient)란 무엇인가요? 답변: 상관계수는 두 변수 간의 선형 관계의 강도와 방향을 나타내는 지표입니다. 피어슨 상관계수가 가장 일반적으로 사용되며, 값은 -1에서 1 사이입니다."
Bivariate Analysis,"Q18. 산점도(Scatter Plot)란 무엇인가요? 답변: 산점도는 두 변수 간의 관계를 시각적으로 나타내는 그래프로, 각각의 점이 두 변수의 값을 나타냅니다. 변수 간의 상관관계를 직관적으로 파악할 수 있습니다."
Bivariate Analysis,"Q19. 피어슨 상관계수와 스피어만 상관계수의 차이는 무엇인가요? 답변: 피어슨 상관계수는 두 변수 간의 선형 관계를 측정하며, 스피어만 상관계수는 순위(서열) 간의 관계를 측정합니다. 스피어만 상관계수는 비선형 관계에서도 사용할 수 있습니다."
Bivariate Analysis,"Q20. 교차분석(Cross-tabulation)이란 무엇인가요? 답변: 교차분석은 두 범주형 변수 간의 관계를 분석하는 방법으로, 교차표를 통해 각 범주의 빈도와 비율을 확인합니다. chi-square 검정을 통해 통계적 유의성을 확인할 수 있습니다."
Bivariate Analysis,"Q21. 회귀분석(Regression Analysis)이란 무엇인가요? 답변: 회귀분석은 한 변수(종속변수)를 다른 변수(독립변수)로 설명하는 분석 기법입니다. 단순회귀분석과 다중회귀분석이 있으며, 변수 간의 인과관계를 분석합니다."
Bivariate Analysis,"Q22. 단순회귀분석(Simple Linear Regression)이란 무엇인가요? 답변: 단순회귀분석은 한 개의 독립변수와 한 개의 종속변수 간의 선형 관계를 분석하는 방법입니다. 회귀식은 y = ax + b 형태로 표현됩니다."
Bivariate Analysis,"Q23. 다중회귀분석(Multiple Linear Regression)이란 무엇인가요? 답변: 다중회귀분석은 여러 개의 독립변수를 사용하여 종속변수를 설명하는 분석 기법입니다. 회귀식은 y = a1x1 + a2x2 + ... + b 형태로 표현됩니다."
Bivariate Analysis,"Q24. 로지스틱 회귀분석(Logistic Regression)이란 무엇인가요? 답변: 로지스틱 회귀분석은 종속변수가 이분형(예: 성공/실패)인 경우에 사용하는 회귀분석 기법입니다. 결과는 로짓 함수(logit function)를 사용하여 예측됩니다."
Bivariate Analysis,"Q25. 시계열 데이터의 이변량 분석 방법은? 답변: 시계열 데이터의 이변량 분석은 교차상관함수(CCF)와 같은 방법을 사용하여 두 시계열 간의 상관성을 분석합니다. 시차(lag)를 고려한 분석이 필요합니다."
Bivariate Analysis,"Q26. 카이제곱 검정(Chi-Square Test)이란 무엇인가요? 답변: 카이제곱 검정은 두 범주형 변수 간의 독립성을 검정하는 방법입니다. 교차표를 통해 기대빈도와 관찰빈도를 비교하여 변수 간의 관계를 검정합니다."
Bivariate Analysis,"Q27. 분산분석(ANOVA)이란 무엇인가요? 답변: 분산분석은 두 개 이상의 그룹 간의 평균 차이를 비교하는 통계적 방법입니다. 주로 독립변수가 범주형이고 종속변수가 수치형인 경우에 사용됩니다."
Bivariate Analysis,"Q28. 상관행렬(Correlation Matrix)이란 무엇인가요? 답변: 상관행렬은 여러 변수 간의 상관계수를 행렬 형태로 나타낸 것입니다. 각 변수 쌍의 상관관계를 시각적으로 확인할 수 있습니다."
Bivariate Analysis,"Q29. 공분산(Covariance)이란 무엇인가요? 답변: 공분산은 두 변수 간의 관계를 나타내는 지표로, 두 변수의 값이 함께 변하는 정도를 측정합니다. 양의 값이면 같은 방향으로, 음의 값이면 반대 방향으로 변합니다."
Bivariate Analysis,"Q30. 회귀분석에서 결정계수(R-squared)란 무엇인가요? 답변: 결정계수는 회귀모델이 종속변수의 변동을 얼마나 설명하는지를 나타내는 지표입니다. 값은 0에서 1 사이이며, 1에 가까울수록 모델이 데이터를 잘 설명합니다."

Machine Learning,"Q1. 머신러닝이란 무엇인가요? 답변: 머신러닝은 컴퓨터가 명시적으로 프로그래밍되지 않고도 데이터에서 학습하여 작업을 수행할 수 있도록 하는 기술입니다. 설명: 머신러닝 알고리즘은 데이터에서 패턴을 찾아내고, 그 패턴을 바탕으로 예측이나 결정을 내릴 수 있습니다."
Machine Learning,"Q2. 지도학습(Supervised Learning)이란 무엇인가요? 답변: 지도학습은 입력과 출력 데이터가 주어지고, 알고리즘이 입력에서 출력으로의 매핑을 학습하는 방식입니다. 설명: 예를 들어, 이미지와 레이블(고양이, 개 등)이 주어지면 알고리즘이 이미지를 분석하여 올바른 레이블을 예측하도록 학습합니다."
Machine Learning,"Q3. 비지도학습(Unsupervised Learning)이란 무엇인가요? 답변: 비지도학습은 출력 데이터 없이 입력 데이터만으로 학습하는 방식입니다. 설명: 알고리즘은 데이터의 구조를 찾거나, 데이터 내에서 유사한 그룹을 식별하는 데 사용됩니다. 예: 클러스터링."
Machine Learning,"Q4. 강화학습(Reinforcement Learning)이란 무엇인가요? 답변: 강화학습은 에이전트가 환경과 상호작용하며 보상을 최대화하는 행동을 학습하는 방식입니다. 설명: 에이전트는 다양한 행동을 시도하고, 각 행동의 결과에 따른 보상을 통해 최적의 행동을 학습합니다."
Machine Learning,"Q5. 과적합(Overfitting)이란 무엇인가요? 답변: 과적합은 모델이 훈련 데이터에 너무 잘 맞아서 새로운 데이터에 대한 성능이 저하되는 현상입니다. 설명: 이는 모델이 훈련 데이터의 노이즈나 세부사항까지 학습했기 때문에 발생합니다. 복잡한 모델이나 데이터 부족이 원인이 될 수 있습니다."
Machine Learning,"Q6. 과소적합(Underfitting)이란 무엇인가요? 답변: 과소적합은 모델이 훈련 데이터의 패턴을 충분히 학습하지 못한 상태입니다. 설명: 이는 모델이 너무 단순하거나, 충분히 학습되지 않았기 때문에 발생합니다. 데이터 양이 많거나 모델이 충분히 복잡하지 않을 때 발생합니다."
Machine Learning,"Q7. 교차 검증(Cross-Validation)이란 무엇인가요? 답변: 교차 검증은 데이터를 여러 부분으로 나누어 모델을 평가하는 방법입니다. 설명: 일반적으로 K-폴드 교차 검증이 사용되며, 데이터셋을 K개의 부분으로 나누고 각 부분을 테스트 세트로, 나머지를 훈련 세트로 사용하여 모델을 K번 평가합니다."
Machine Learning,"Q8. 정규화(Normalization)와 표준화(Standardization)의 차이는 무엇인가요? 답변: 정규화는 데이터의 범위를 0과 1 사이로 조정하는 것이고, 표준화는 데이터의 평균을 0, 표준편차를 1로 조정하는 것입니다. 설명: 정규화는 Min-Max 스케일링으로, 표준화는 Z-스코어 스케일링으로 구현됩니다."
Machine Learning,"Q9. 분류(Classification)란 무엇인가요? 답변: 분류는 주어진 입력 데이터가 미리 정의된 클래스 레이블 중 하나로 분류되는 문제입니다. 설명: 예를 들어, 이메일을 '스팸' 또는 '정상'으로 분류하는 것이 분류 문제입니다."
Machine Learning,"Q10. 회귀(Regression)란 무엇인가요? 답변: 회귀는 연속적인 값을 예측하는 문제입니다. 설명: 예를 들어, 주택 가격 예측이 회귀 문제입니다. 입력 변수와 연속적인 출력 변수 간의 관계를 모델링합니다."
Machine Learning,"Q11. K-최근접 이웃(K-Nearest Neighbors) 알고리즘이란 무엇인가요? 답변: K-최근접 이웃 알고리즘은 새로운 데이터 포인트를 가장 가까운 K개의 이웃 데이터 포인트를 기반으로 분류하거나 예측하는 비모수적 방법입니다. 설명: 거리 측정을 통해 가장 가까운 이웃을 찾고, 그 이웃의 레이블을 기준으로 새 데이터의 레이블을 결정합니다."
Machine Learning,"Q12. 결정 트리(Decision Tree)란 무엇인가요? 답변: 결정 트리는 데이터를 여러 기준으로 분할하여 의사결정 규칙을 만드는 트리 구조의 모델입니다. 설명: 트리의 각 분기점은 특정 변수의 값을 기준으로 데이터를 분할하며, 각 말단 노드는 예측 결과를 나타냅니다."
Machine Learning,"Q13. 랜덤 포레스트(Random Forest)란 무엇인가요? 답변: 랜덤 포레스트는 여러 개의 결정 트리를 앙상블하여 예측 성능을 향상시키는 알고리즘입니다. 설명: 각 결정 트리는 데이터의 부분집합과 특징의 부분집합을 사용하여 독립적으로 학습하며, 최종 예측은 모든 트리의 예측을 평균 내거나 투표하여 결정됩니다."
Machine Learning,"Q14. 서포트 벡터 머신(SVM)이란 무엇인가요? 답변: 서포트 벡터 머신은 데이터 포인트를 분리하는 최적의 초평면을 찾는 지도 학습 알고리즘입니다. 설명: 초평면은 두 클래스 간의 여백을 최대화하는 방향으로 선택되며, 커널 트릭을 사용하여 비선형 분류도 가능합니다."
Machine Learning,"Q15. 신경망(Neural Networks)이란 무엇인가요? 답변: 신경망은 인간의 뇌 구조를 모방한 알고리즘으로, 여러 층의 뉴런으로 구성되어 데이터를 학습합니다. 설명: 입력층, 은닉층, 출력층으로 구성되며, 각 뉴런은 입력 값을 가중치와 함께 받아 활성화 함수를 통해 출력 값을 계산합니다."
Machine Learning,"Q16. 딥러닝(Deep Learning)이란 무엇인가요? 답변: 딥러닝은 여러 층의 신경망을 사용하여 복잡한 패턴을 학습하는 기법입니다. 설명: 대규모 데이터와 높은 연산 능력을 바탕으로 이미지, 음성, 자연어 처리 등 다양한 분야에서 높은 성능을 보입니다."
Machine Learning,"Q17. 하이퍼파라미터(Hyperparameter)란 무엇인가요? 답변: 하이퍼파라미터는 모델 학습 과정에서 설정되는 변수로, 모델이 학습 중에 최적화되지 않습니다. 설명: 예를 들어, 학습률, 에포크 수, 배치 크기 등이 하이퍼파라미터입니다. 모델의 성능에 큰 영향을 미칩니다."
Machine Learning,"Q18. 차원 축소(Dimensionality Reduction)란 무엇인가요? 답변: 차원 축소는 고차원 데이터를 저차원으로 변환하여 데이터의 구조를 단순화하는 방법입니다. 설명: 주성분 분석(PCA), t-SNE, UMAP 등이 차원 축소 기법에 포함됩니다. 데이터 시각화 및 노이즈 제거에 유용합니다."
Machine Learning,"Q19. 데이터 증강(Data Augmentation)이란 무엇인가요? 답변: 데이터 증강은 기존 데이터를 변형하여 새로운 데이터 샘플을 생성하는 방법입니다. 설명: 이미지 회전, 자르기, 색상 변화 등이 데이터 증강 기법에 포함되며, 모델의 일반화 능력을 향상시킬 수 있습니다."
Machine Learning,"Q20. 앙상블 학습(Ensemble Learning)이란 무엇인가요? 답변: 앙상블 학습은 여러 개의 모델을 결합하여 성능을 향상시키는 방법입니다. 설명: 배깅(Bagging), 부스팅(Boosting), 스태킹(Stacking) 등이 앙상블 학습 기법에 포함됩니다. 다양한 모델의 장점을 결합하여 더 강력한 예측 성능을 얻을 수 있습니다."

Deep Learning,"Q1. 딥러닝(Deep Learning)이란 무엇인가요? 답변: 딥러닝은 여러 층의 인공신경망을 사용하여 복잡한 패턴을 학습하는 기계 학습의 한 분야입니다. 설명: 딥러닝은 이미지, 음성, 자연어 처리 등 다양한 분야에서 높은 성능을 보입니다."
Deep Learning,"Q2. 인공신경망(Artificial Neural Network)이란 무엇인가요? 답변: 인공신경망은 인간의 뇌 구조를 모방한 알고리즘으로, 여러 층의 뉴런으로 구성되어 데이터를 학습합니다. 설명: 입력층, 은닉층, 출력층으로 구성되며, 각 뉴런은 입력 값을 가중치와 함께 받아 활성화 함수를 통해 출력 값을 계산합니다."
Deep Learning,"Q3. 활성화 함수(Activation Function)란 무엇인가요? 답변: 활성화 함수는 뉴런의 출력 값을 비선형 변환하는 함수입니다. 설명: 대표적인 활성화 함수로는 ReLU, Sigmoid, Tanh 등이 있습니다."
Deep Learning,"Q4. 과적합(Overfitting)이란 무엇인가요? 답변: 과적합은 모델이 훈련 데이터에 너무 잘 맞아서 새로운 데이터에 대한 성능이 저하되는 현상입니다. 설명: 이는 모델이 훈련 데이터의 노이즈나 세부사항까지 학습했기 때문에 발생합니다."
Deep Learning,"Q5. 드롭아웃(Dropout)이란 무엇인가요? 답변: 드롭아웃은 학습 과정에서 무작위로 뉴런을 제거하여 과적합을 방지하는 정규화 기법입니다. 설명: 학습 시 일정 확률로 뉴런을 비활성화하여 모델이 더 일반화되도록 돕습니다."
Deep Learning,"Q6. CNN(Convolutional Neural Network)이란 무엇인가요? 답변: CNN은 주로 이미지 데이터를 처리하기 위해 설계된 신경망 구조입니다. 설명: 합성곱 층, 풀링 층, 완전 연결 층으로 구성되며, 이미지의 공간적 특성을 효율적으로 학습합니다."
Deep Learning,"Q7. 합성곱(Convolution)이란 무엇인가요? 답변: 합성곱은 필터를 사용하여 입력 이미지에서 특징을 추출하는 연산입니다. 설명: 필터는 이미지의 특정 패턴을 감지하고, 이를 통해 이미지의 중요한 정보를 추출합니다."
Deep Learning,"Q8. 풀링(Pooling)이란 무엇인가요? 답변: 풀링은 입력 이미지의 공간적 크기를 줄이고, 중요한 특징을 유지하는 연산입니다. 설명: 맥스 풀링과 평균 풀링이 일반적으로 사용됩니다."
Deep Learning,"Q9. RNN(Recurrent Neural Network)이란 무엇인가요? 답변: RNN은 순차 데이터를 처리하기 위해 설계된 신경망 구조입니다. 설명: 이전 시점의 출력을 현재 시점의 입력으로 사용하여 순차적 패턴을 학습합니다."
Deep Learning,"Q10. LSTM(Long Short-Term Memory)이란 무엇인가요? 답변: LSTM은 RNN의 일종으로, 장기 의존성을 학습하기 위해 설계된 구조입니다. 설명: 셀 상태와 게이트 메커니즘을 통해 장기 의존성을 효과적으로 학습합니다."
Deep Learning,"Q11. 배치 정규화(Batch Normalization)란 무엇인가요? 답변: 배치 정규화는 각 미니배치에서 입력 데이터를 정규화하여 학습을 안정화하고 가속화하는 기법입니다. 설명: 이는 각 층의 입력 분포를 일정하게 유지하여 학습 속도를 높이고, 과적합을 방지합니다."
Deep Learning,"Q12. 옵티마이저(Optimizer)란 무엇인가요? 답변: 옵티마이저는 신경망의 가중치를 업데이트하는 알고리즘입니다. 설명: 대표적인 옵티마이저로는 SGD, Adam, RMSprop 등이 있습니다."
Deep Learning,"Q13. 손실 함수(Loss Function)란 무엇인가요? 답변: 손실 함수는 모델의 예측 값과 실제 값의 차이를 측정하는 함수입니다. 설명: 손실 함수를 최소화하는 방향으로 모델의 가중치가 업데이트됩니다. 대표적인 손실 함수로는 MSE, Cross-Entropy 등이 있습니다."
Deep Learning,"Q14. 에폭(Epoch)이란 무엇인가요? 답변: 에폭은 전체 훈련 데이터를 한 번 모두 사용하는 학습 과정의 단위를 의미합니다. 설명: 한 에폭 동안 모델은 모든 훈련 데이터를 한 번씩 사용하여 가중치를 업데이트합니다."
Deep Learning,"Q15. 배치(Batch)란 무엇인가요? 답변: 배치는 한 번에 학습하는 데이터 샘플의 묶음을 의미합니다. 설명: 전체 데이터를 배치 크기만큼 나누어 학습하며, 배치 크기가 크면 학습이 안정적이고, 작으면 메모리 사용이 효율적입니다."
Deep Learning,"Q16. 전이 학습(Transfer Learning)이란 무엇인가요? 답변: 전이 학습은 이미 학습된 모델의 가중치를 사용하여 새로운 문제를 해결하는 방법입니다. 설명: 사전 학습된 모델을 기반으로 새로운 데이터에 맞게 미세 조정(fine-tuning)하여 학습 시간을 단축하고 성능을 향상시킬 수 있습니다."
Deep Learning,"Q17. 오토인코더(Autoencoder)란 무엇인가요? 답변: 오토인코더는 입력 데이터를 압축하여 저차원 표현을 학습하고, 이를 다시 복원하는 신경망 구조입니다. 설명: 주로 차원 축소, 잡음 제거, 생성 모델 등 다양한 응용 분야에 사용됩니다."
Deep Learning,"Q18. GAN(Generative Adversarial Network)이란 무엇인가요? 답변: GAN은 생성자와 판별자가 상호작용하여 데이터를 생성하는 모델입니다. 설명: 생성자는 가짜 데이터를 생성하고, 판별자는 진짜와 가짜를 구별하며, 두 모델이 경쟁하면서 성능이 향상됩니다."
Deep Learning,"Q19. Seq2Seq 모델이란 무엇인가요? 답변: Seq2Seq 모델은 입력 시퀀스를 다른 시퀀스로 변환하는 신경망 구조입니다. 설명: 주로 기계 번역, 대화 모델 등에서 사용되며, 인코더와 디코더로 구성됩니다."
Deep Learning,"Q20. 어텐션 메커니즘(Attention Mechanism)이란 무엇인가요? 답변: 어텐션 메커니즘은 입력 시퀀스의 중요한 부분에 가중치를 부여하여 더 중요한 정보에 집중하는 방법입니다. 설명: 이는 Seq2Seq 모델의 성능을 향상시키고, 길이가 긴 시퀀스에서도 효과적으로 작동합니다."

Computer Vision,"Q1. 컴퓨터 비전(Computer Vision)이란 무엇인가요? 답변: 컴퓨터 비전은 디지털 이미지나 비디오로부터 의미 있는 정보를 추출하고 분석하는 기술입니다. 설명: 이는 객체 인식, 이미지 분할, 영상 이해 등 다양한 응용 분야를 포함합니다."
Computer Vision,"Q2. 객체 인식(Object Detection)이란 무엇인가요? 답변: 객체 인식은 이미지나 비디오에서 특정 객체를 탐지하고 위치를 찾는 기술입니다. 설명: 이는 각 객체의 경계 상자를 제공하며, 주로 YOLO, SSD, Faster R-CNN 등이 사용됩니다."
Computer Vision,"Q3. 이미지 분할(Image Segmentation)이란 무엇인가요? 답변: 이미지 분할은 이미지의 각 픽셀을 특정 클래스에 할당하는 기술입니다. 설명: 이는 픽셀 단위로 객체를 분할하여 더 정확한 객체 경계를 제공합니다. 대표적인 방법으로는 U-Net, Mask R-CNN 등이 있습니다."
Computer Vision,"Q4. 영상 처리(Image Processing)란 무엇인가요? 답변: 영상 처리는 디지털 이미지의 품질을 향상시키거나, 특정 특징을 추출하기 위해 다양한 알고리즘을 적용하는 과정입니다. 설명: 이는 필터링, 에지 검출, 히스토그램 균일화 등을 포함합니다."
Computer Vision,"Q5. 컨볼루션(Convolution)이란 무엇인가요? 답변: 컨볼루션은 필터를 사용하여 입력 이미지에서 특징을 추출하는 연산입니다. 설명: 이는 이미지의 공간적 패턴을 감지하는 데 사용됩니다."
Computer Vision,"Q6. 풀링(Pooling)이란 무엇인가요? 답변: 풀링은 이미지의 공간적 크기를 줄이고, 중요한 특징을 유지하는 연산입니다. 설명: 주로 맥스 풀링과 평균 풀링이 사용됩니다."
Computer Vision,"Q7. 합성곱 신경망(CNN)이란 무엇인가요? 답변: CNN은 주로 이미지 데이터를 처리하기 위해 설계된 신경망 구조입니다. 설명: 합성곱 층, 풀링 층, 완전 연결 층으로 구성됩니다."
Computer Vision,"Q8. 에지 검출(Edge Detection)이란 무엇인가요? 답변: 에지 검출은 이미지에서 경계나 윤곽선을 감지하는 기술입니다. 설명: 주로 소벨, 캐니, 라플라시안 등 필터가 사용됩니다."
Computer Vision,"Q9. 이미지 증강(Image Augmentation)이란 무엇인가요? 답변: 이미지 증강은 훈련 데이터의 다양성을 증가시키기 위해 이미지를 변형하는 기술입니다. 설명: 회전, 이동, 확대, 반전 등 다양한 방법이 사용됩니다."
Computer Vision,"Q10. 호모그래피(Homography)란 무엇인가요? 답변: 호모그래피는 두 이미지 간의 기하학적 변환을 설명하는 3x3 행렬입니다. 설명: 주로 이미지 정합, 모자이크 생성 등에서 사용됩니다."
Computer Vision,"Q11. 특징 추출(Feature Extraction)이란 무엇인가요? 답변: 특징 추출은 이미지에서 중요한 정보를 추출하는 과정입니다. 설명: SIFT, SURF, ORB 등 다양한 방법이 있습니다."
Computer Vision,"Q12. 딥러닝을 활용한 객체 검출이란 무엇인가요? 답변: 딥러닝을 활용한 객체 검출은 CNN 기반 모델을 사용하여 이미지에서 객체를 탐지하는 기술입니다. 설명: 주로 YOLO, SSD, Faster R-CNN 등이 사용됩니다."
Computer Vision,"Q13. 영상 복원(Image Restoration)이란 무엇인가요? 답변: 영상 복원은 손상된 이미지를 원래 상태로 복원하는 기술입니다. 설명: 노이즈 제거, 블러 제거, 결측 부분 복원 등이 포함됩니다."
Computer Vision,"Q14. 옵티컬 플로우(Optical Flow)란 무엇인가요? 답변: 옵티컬 플로우는 시간에 따른 이미지의 픽셀 이동을 계산하는 기술입니다. 설명: 주로 비디오 분석, 동작 추적 등에 사용됩니다."
Computer Vision,"Q15. 컬러 공간(Color Space)이란 무엇인가요? 답변: 컬러 공간은 색을 표현하는 방법입니다. 설명: RGB, HSV, YUV 등 다양한 컬러 공간이 있습니다."
Computer Vision,"Q16. 영상 매칭(Image Matching)이란 무엇인가요? 답변: 영상 매칭은 두 이미지 간의 유사성을 찾는 과정입니다. 설명: 주로 특징점 매칭, 템플릿 매칭 등이 사용됩니다."
Computer Vision,"Q17. GAN(Generative Adversarial Network)이란 무엇인가요? 답변: GAN은 두 신경망이 경쟁하며 데이터를 생성하는 모델입니다. 설명: 주로 이미지 생성, 스타일 변환 등에 사용됩니다."
Computer Vision,"Q18. 이미지 캡셔닝(Image Captioning)이란 무엇인가요? 답변: 이미지 캡셔닝은 이미지의 내용을 설명하는 문장을 생성하는 기술입니다. 설명: CNN과 RNN을 결합하여 사용합니다."
Computer Vision,"Q19. 히스토그램 균일화(Histogram Equalization)란 무엇인가요? 답변: 히스토그램 균일화는 이미지의 명암비를 개선하는 기법입니다. 설명: 이미지의 히스토그램을 평탄하게 만들어 명암 대비를 향상시킵니다."
Computer Vision,"Q20. 세그멘테이션(Segmentation)과 객체 검출의 차이는 무엇인가요? 답변: 세그멘테이션은 각 픽셀을 클래스에 할당하는 작업이고, 객체 검출은 객체의 위치를 찾는 작업입니다. 설명: 세그멘테이션은 더 정밀한 객체 경계를 제공합니다."

Natural Language Processing,"Q1. 자연어 처리(NLP)란 무엇인가요? 답변: 자연어 처리는 인간의 언어를 이해하고 생성하는 컴퓨터 과학 분야입니다. 설명: 이는 텍스트 분석, 음성 인식, 기계 번역 등 다양한 응용 분야를 포함합니다."
Natural Language Processing,"Q2. 토큰화(Tokenization)란 무엇인가요? 답변: 토큰화는 문장을 단어, 구 또는 문장으로 분할하는 과정입니다. 설명: 이는 NLP의 기본 단계로, 각 단어를 분석할 수 있게 합니다."
Natural Language Processing,"Q3. 어간 추출(Stemming)이란 무엇인가요? 답변: 어간 추출은 단어의 접사(접두사나 접미사)를 제거하여 단어의 기본 형태를 찾는 과정입니다. 설명: 이는 Porter 스테머, Lancaster 스테머 등 알고리즘을 사용합니다."
Natural Language Processing,"Q4. 표제어 추출(Lemmatization)이란 무엇인가요? 답변: 표제어 추출은 단어의 문법적 형태를 분석하여 기본 형태(표제어)로 변환하는 과정입니다. 설명: 이는 어간 추출보다 더 정교하게 단어를 변환합니다."
Natural Language Processing,"Q5. 품사 태깅(POS Tagging)이란 무엇인가요? 답변: 품사 태깅은 각 단어에 대해 품사(명사, 동사 등)를 부착하는 과정입니다. 설명: 이는 문장의 구조를 이해하고 분석하는 데 도움을 줍니다."
Natural Language Processing,"Q6. 문장 분할(Sentence Segmentation)이란 무엇인가요? 답변: 문장 분할은 텍스트를 개별 문장으로 나누는 과정입니다. 설명: 이는 텍스트의 논리적 단위를 파악하는 데 중요합니다."
Natural Language Processing,"Q7. 불용어(Stop Words)란 무엇인가요? 답변: 불용어는 자주 사용되지만 분석에 큰 의미가 없는 단어들을 의미합니다. 설명: 'the', 'is', 'in' 등의 단어가 포함됩니다."
Natural Language Processing,"Q8. 단어 임베딩(Word Embedding)이란 무엇인가요? 답변: 단어 임베딩은 단어를 고차원 벡터로 표현하는 방법입니다. 설명: Word2Vec, GloVe, FastText 등이 대표적인 방법입니다."
Natural Language Processing,"Q9. TF-IDF란 무엇인가요? 답변: TF-IDF는 문서 내 단어의 중요도를 측정하는 통계적 방법입니다. 설명: 단어 빈도(TF)와 역문서 빈도(IDF)를 곱하여 계산합니다."
Natural Language Processing,"Q10. 감성 분석(Sentiment Analysis)이란 무엇인가요? 답변: 감성 분석은 텍스트에서 감정을 추출하고 분석하는 기술입니다. 설명: 긍정, 부정, 중립 등의 감정을 분류할 수 있습니다."
Natural Language Processing,"Q11. 주제 모델링(Topic Modeling)이란 무엇인가요? 답변: 주제 모델링은 문서 집합에서 숨겨진 주제를 발견하는 기법입니다. 설명: LDA(Latent Dirichlet Allocation)와 같은 알고리즘이 사용됩니다."
Natural Language Processing,"Q12. 언어 모델(Language Model)이란 무엇인가요? 답변: 언어 모델은 주어진 단어 시퀀스에서 다음 단어의 확률을 예측하는 모델입니다. 설명: N-그램 모델, RNN, Transformer 등이 사용됩니다."
Natural Language Processing,"Q13. 시퀀스 투 시퀀스(Seq2Seq) 모델이란 무엇인가요? 답변: Seq2Seq 모델은 입력 시퀀스를 다른 시퀀스로 변환하는 모델입니다. 설명: 주로 기계 번역, 대화 모델 등에서 사용됩니다."
Natural Language Processing,"Q14. 어텐션 메커니즘(Attention Mechanism)이란 무엇인가요? 답변: 어텐션 메커니즘은 입력 시퀀스의 중요한 부분에 가중치를 부여하여 더 중요한 정보에 집중하는 방법입니다. 설명: 이는 Seq2Seq 모델의 성능을 향상시킵니다."
Natural Language Processing,"Q15. BERT(Bidirectional Encoder Representations from Transformers)란 무엇인가요? 답변: BERT는 사전 훈련된 Transformer 기반 언어 모델로, 양방향 문맥을 이해합니다. 설명: 이는 다양한 NLP 작업에서 높은 성능을 보여줍니다."
Natural Language Processing,"Q16. GPT(Generative Pre-trained Transformer)란 무엇인가요? 답변: GPT는 사전 훈련된 Transformer 기반 언어 모델로, 주로 텍스트 생성을 위한 모델입니다. 설명: GPT-3는 현재 가장 큰 사전 훈련된 언어 모델 중 하나입니다."
Natural Language Processing,"Q17. 기계 번역(Machine Translation)이란 무엇인가요? 답변: 기계 번역은 한 언어로 된 텍스트를 다른 언어로 자동 번역하는 기술입니다. 설명: Google Translate, DeepL 등이 대표적인 기계 번역 시스템입니다."
Natural Language Processing,"Q18. 음성 인식(Speech Recognition)이란 무엇인가요? 답변: 음성 인식은 음성 신호를 텍스트로 변환하는 기술입니다. 설명: Siri, Google Assistant 등이 대표적인 응용 사례입니다."
Natural Language Processing,"Q19. 텍스트 요약(Text Summarization)이란 무엇인가요? 답변: 텍스트 요약은 긴 텍스트를 짧게 요약하는 기술입니다. 설명: 추출적 요약과 생성적 요약 두 가지 방법이 있습니다."
Natural Language Processing,"Q20. 자연어 생성(NLG)이란 무엇인가요? 답변: 자연어 생성은 컴퓨터가 인간의 언어를 생성하는 기술입니다. 설명: 이는 대화 생성, 기사 작성 등 다양한 응용 분야에 사용됩니다."

AWS,"Q1. AWS란 무엇인가요? 답변: AWS는 Amazon Web Services의 약자로, Amazon에서 제공하는 클라우드 컴퓨팅 서비스입니다. 설명: AWS는 데이터 스토리지, 컴퓨팅 파워, 네트워킹 등을 포함한 다양한 클라우드 서비스를 제공합니다."
AWS,"Q2. EC2(Elastic Compute Cloud)란 무엇인가요? 답변: EC2는 AWS에서 제공하는 가상 서버 서비스입니다. 설명: 사용자는 필요한 만큼 서버를 생성하고 관리할 수 있으며, 필요에 따라 확장하거나 축소할 수 있습니다."
AWS,"Q3. S3(Simple Storage Service)란 무엇인가요? 답변: S3는 AWS에서 제공하는 객체 스토리지 서비스입니다. 설명: 무제한의 데이터를 저장할 수 있으며, 데이터를 백업하고 복원하는 데 사용됩니다."
AWS,"Q4. RDS(Relational Database Service)란 무엇인가요? 답변: RDS는 AWS에서 제공하는 관계형 데이터베이스 서비스입니다. 설명: MySQL, PostgreSQL, Oracle, SQL Server 등의 데이터베이스 엔진을 지원합니다."
AWS,"Q5. Lambda란 무엇인가요? 답변: Lambda는 AWS에서 제공하는 서버리스 컴퓨팅 서비스입니다. 설명: 사용자는 서버를 프로비저닝하지 않고 코드를 실행할 수 있으며, 이벤트에 반응하여 자동으로 실행됩니다."
AWS,"Q6. VPC(Virtual Private Cloud)란 무엇인가요? 답변: VPC는 AWS에서 제공하는 가상 네트워크 서비스입니다. 설명: 사용자는 자신의 네트워크 환경을 구성하고 제어할 수 있으며, 보안 그룹과 네트워크 ACL을 설정할 수 있습니다."
AWS,"Q7. IAM(Identity and Access Management)란 무엇인가요? 답변: IAM은 AWS에서 제공하는 사용자 및 권한 관리 서비스입니다. 설명: 사용자는 IAM을 통해 사용자, 그룹, 역할을 생성하고 권한을 부여할 수 있습니다."
AWS,"Q8. CloudFront란 무엇인가요? 답변: CloudFront는 AWS에서 제공하는 콘텐츠 전송 네트워크(CDN) 서비스입니다. 설명: 전 세계의 엣지 로케이션을 통해 사용자에게 빠르고 안전하게 콘텐츠를 전달합니다."
AWS,"Q9. DynamoDB란 무엇인가요? 답변: DynamoDB는 AWS에서 제공하는 NoSQL 데이터베이스 서비스입니다. 설명: 고성능, 고가용성을 제공하며, 자동으로 데이터를 확장하고 축소할 수 있습니다."
AWS,"Q10. EBS(Elastic Block Store)란 무엇인가요? 답변: EBS는 AWS에서 제공하는 블록 스토리지 서비스입니다. 설명: EC2 인스턴스에 연결하여 사용하며, 데이터베이스, 파일 시스템 등의 스토리지로 사용됩니다."
AWS,"Q11. CloudWatch란 무엇인가요? 답변: CloudWatch는 AWS에서 제공하는 모니터링 및 로그 서비스입니다. 설명: AWS 리소스 및 애플리케이션을 모니터링하고 로그 데이터를 수집하여 분석할 수 있습니다."
AWS,"Q12. Route 53이란 무엇인가요? 답변: Route 53은 AWS에서 제공하는 DNS 웹 서비스입니다. 설명: 도메인 이름을 관리하고, 트래픽을 효율적으로 분산시켜 웹 애플리케이션의 가용성을 높입니다."
AWS,"Q13. Elastic Beanstalk이란 무엇인가요? 답변: Elastic Beanstalk은 AWS에서 제공하는 애플리케이션 배포 및 관리 서비스입니다. 설명: 사용자는 애플리케이션 코드를 업로드하면 자동으로 배포, 로드 밸런싱, 확장 등을 처리합니다."
AWS,"Q14. Redshift란 무엇인가요? 답변: Redshift는 AWS에서 제공하는 데이터 웨어하우스 서비스입니다. 설명: 대규모 데이터 분석을 위해 최적화되어 있으며, SQL 기반의 분석을 지원합니다."
AWS,"Q15. SNS(Simple Notification Service)란 무엇인가요? 답변: SNS는 AWS에서 제공하는 메시징 서비스입니다. 설명: 애플리케이션 간 메시지를 주고받을 수 있으며, 알림, 이메일, SMS 등을 전송할 수 있습니다."
AWS,"Q16. SQS(Simple Queue Service)란 무엇인가요? 답변: SQS는 AWS에서 제공하는 메시지 큐 서비스입니다. 설명: 분산 시스템 간의 메시지를 비동기적으로 전달하고 처리할 수 있습니다."
AWS,"Q17. Kinesis란 무엇인가요? 답변: Kinesis는 AWS에서 제공하는 실시간 데이터 스트리밍 서비스입니다. 설명: 대규모 실시간 데이터를 수집하고 처리하는 데 사용됩니다."
AWS,"Q18. Glue란 무엇인가요? 답변: Glue는 AWS에서 제공하는 데이터 통합 서비스입니다. 설명: 데이터 준비, 변환, 로딩 작업을 자동화하고 데이터 카탈로그를 생성합니다."
AWS,"Q19. CodePipeline이란 무엇인가요? 답변: CodePipeline은 AWS에서 제공하는 CI/CD 서비스입니다. 설명: 애플리케이션의 빌드, 테스트, 배포 과정을 자동화합니다."
AWS,"Q20. EKS(Elastic Kubernetes Service)란 무엇인가요? 답변: EKS는 AWS에서 제공하는 Kubernetes 관리 서비스입니다. 설명: 사용자는 EKS를 통해 Kubernetes 클러스터를 쉽게 배포하고 관리할 수 있습니다."

Django,"Q1. Django란 무엇인가요? 답변: Django는 파이썬 기반의 고급 웹 프레임워크입니다. 설명: Django는 웹 애플리케이션 개발을 간편하게 해주며, 신속한 개발과 깔끔한 코드 작성을 목표로 합니다."
Django,"Q2. MTV란 무엇인가요? 답변: MTV는 Django의 아키텍처 패턴으로, Model, Template, View의 약자입니다. 설명: Model은 데이터베이스와의 연동을, Template는 사용자 인터페이스를, View는 비즈니스 로직을 담당합니다."
Django,"Q3. Model이란 무엇인가요? 답변: Model은 데이터베이스의 테이블 구조를 정의하는 클래스입니다. 설명: Model 클래스는 Django의 ORM(Object-Relational Mapping)을 통해 데이터베이스와 상호작용합니다."
Django,"Q4. ORM이란 무엇인가요? 답변: ORM은 Object-Relational Mapping의 약자로, 객체 지향 프로그래밍과 관계형 데이터베이스를 연결하는 기술입니다. 설명: Django의 ORM을 사용하면 SQL문을 작성하지 않고도 데이터베이스를 조작할 수 있습니다."
Django,"Q5. View란 무엇인가요? 답변: View는 사용자의 요청을 처리하고 응답을 반환하는 함수나 클래스입니다. 설명: Django의 View는 요청을 받아 비즈니스 로직을 처리한 후, Template을 사용하여 HTML 응답을 생성합니다."
Django,"Q6. Template이란 무엇인가요? 답변: Template은 HTML 문서에 Django 템플릿 언어를 사용하여 동적인 콘텐츠를 삽입하는 파일입니다. 설명: Template 파일은 .html 확장자를 가지며, {{ }} 구문을 사용하여 데이터를 출력합니다."
Django,"Q7. URLconf란 무엇인가요? 답변: URLconf는 URL 패턴과 View를 연결하는 Django의 설정 파일입니다. 설명: urls.py 파일에 URL 패턴과 해당 패턴을 처리할 View를 정의합니다."
Django,"Q8. Admin site란 무엇인가요? 답변: Admin site는 Django에서 자동으로 생성되는 관리자 인터페이스입니다. 설명: Admin site를 통해 데이터를 쉽게 관리하고 확인할 수 있습니다."
Django,"Q9. Forms란 무엇인가요? 답변: Forms는 사용자 입력을 처리하는 Django의 기능입니다. 설명: Django의 forms 모듈을 사용하여 HTML 폼을 생성하고, 폼 데이터를 유효성 검사 및 처리할 수 있습니다."
Django,"Q10. QuerySet이란 무엇인가요? 답변: QuerySet은 데이터베이스로부터 조회한 객체들의 집합입니다. 설명: QuerySet을 사용하여 데이터베이스의 데이터를 필터링, 정렬, 집계할 수 있습니다."
Django,"Q11. Migrations란 무엇인가요? 답변: Migrations는 모델의 변경 사항을 데이터베이스에 반영하는 Django의 기능입니다. 설명: makemigrations 명령어로 마이그레이션 파일을 생성하고, migrate 명령어로 변경 사항을 적용합니다."
Django,"Q12. Middleware란 무엇인가요? 답변: Middleware는 요청과 응답 처리 과정에서 특정 기능을 수행하는 클래스입니다. 설명: Django의 Middleware는 보안, 세션 관리, 사용자 인증 등의 기능을 제공합니다."
Django,"Q13. Static files란 무엇인가요? 답변: Static files는 CSS, JavaScript, 이미지 파일과 같은 정적 파일을 말합니다. 설명: Django는 정적 파일을 관리하기 위한 staticfiles 앱을 제공합니다."
Django,"Q14. Media files란 무엇인가요? 답변: Media files는 사용자 업로드 파일을 말합니다. 설명: Django는 media 루트를 설정하여 업로드된 파일을 관리할 수 있습니다."
Django,"Q15. Authentication이란 무엇인가요? 답변: Authentication은 사용자 인증을 처리하는 Django의 기능입니다. 설명: Django는 기본적으로 사용자 인증, 권한 부여, 세션 관리를 제공합니다."
Django,"Q16. Signals란 무엇인가요? 답변: Signals는 특정 이벤트가 발생했을 때 자동으로 호출되는 기능입니다. 설명: Django의 signals 모듈을 사용하여 모델의 생성, 수정, 삭제 등의 이벤트를 처리할 수 있습니다."
Django,"Q17. Context Processors란 무엇인가요? 답변: Context Processors는 템플릿에 공통 데이터를 전달하는 함수입니다. 설명: Django는 settings.py 파일에서 기본 및 사용자 정의 컨텍스트 프로세서를 설정할 수 있습니다."
Django,"Q18. CSRF란 무엇인가요? 답변: CSRF는 Cross-Site Request Forgery의 약자로, 웹 애플리케이션의 보안 취약점입니다. 설명: Django는 CSRF 공격을 방지하기 위해 CSRF 토큰을 사용합니다."
Django,"Q19. Class-based views란 무엇인가요? 답변: Class-based views는 클래스를 사용하여 View를 정의하는 방식입니다. 설명: Django는 기능별로 미리 정의된 클래스 기반 뷰를 제공하여 코드의 재사용성과 가독성을 높입니다."
Django,"Q20. REST framework란 무엇인가요? 답변: Django REST framework는 Django에서 RESTful API를 쉽게 만들 수 있게 해주는 라이브러리입니다. 설명: REST framework는 시리얼라이저, 뷰셋, 라우터 등을 제공하여 API 개발을 간편하게 합니다."

SQLD,"Q1. SQL이란 무엇인가요? 답변: SQL은 Structured Query Language의 약자로, 관계형 데이터베이스를 관리하기 위한 언어입니다. 설명: SQL은 데이터베이스의 데이터를 조회, 삽입, 수정, 삭제하는 데 사용됩니다."
SQLD,"Q2. DDL이란 무엇인가요? 답변: DDL은 Data Definition Language의 약자로, 데이터베이스 객체를 정의하는 언어입니다. 설명: CREATE, ALTER, DROP 등의 명령어가 DDL에 속합니다."
SQLD,"Q3. DML이란 무엇인가요? 답변: DML은 Data Manipulation Language의 약자로, 데이터베이스 데이터를 조작하는 언어입니다. 설명: SELECT, INSERT, UPDATE, DELETE 등의 명령어가 DML에 속합니다."
SQLD,"Q4. DCL이란 무엇인가요? 답변: DCL은 Data Control Language의 약자로, 데이터베이스의 권한을 제어하는 언어입니다. 설명: GRANT, REVOKE 등의 명령어가 DCL에 속합니다."
SQLD,"Q5. TCL이란 무엇인가요? 답변: TCL은 Transaction Control Language의 약자로, 트랜잭션을 제어하는 언어입니다. 설명: COMMIT, ROLLBACK, SAVEPOINT 등의 명령어가 TCL에 속합니다."
SQLD,"Q6. 트랜잭션이란 무엇인가요? 답변: 트랜잭션은 데이터베이스의 논리적 작업 단위입니다. 설명: 트랜잭션은 ACID 특성을 가지며, 원자성, 일관성, 고립성, 지속성을 보장합니다."
SQLD,"Q7. JOIN이란 무엇인가요? 답변: JOIN은 두 개 이상의 테이블을 연결하여 데이터를 조회하는 방법입니다. 설명: INNER JOIN, LEFT JOIN, RIGHT JOIN, FULL JOIN 등이 있습니다."
SQLD,"Q8. 서브쿼리란 무엇인가요? 답변: 서브쿼리는 다른 쿼리 내에 포함된 쿼리입니다. 설명: 서브쿼리는 SELECT, INSERT, UPDATE, DELETE 문에 사용될 수 있습니다."
SQLD,"Q9. 인덱스란 무엇인가요? 답변: 인덱스는 데이터베이스의 검색 성능을 향상시키기 위한 자료 구조입니다. 설명: 인덱스는 테이블의 특정 컬럼에 생성할 수 있으며, 빠른 조회를 위해 사용됩니다."
SQLD,"Q10. 뷰(View)란 무엇인가요? 답변: 뷰는 하나 이상의 테이블을 기반으로 하는 가상 테이블입니다. 설명: 뷰는 SELECT 문을 저장하여 재사용할 수 있으며, 데이터 보안과 간소화를 제공합니다."
SQLD,"Q11. 시퀀스(Sequence)란 무엇인가요? 답변: 시퀀스는 숫자를 자동으로 생성해주는 객체입니다. 설명: 주로 기본 키 값을 생성하는 데 사용됩니다."
SQLD,"Q12. 정규화란 무엇인가요? 답변: 정규화는 데이터의 중복을 최소화하고 일관성을 유지하기 위한 데이터베이스 설계 기법입니다. 설명: 제1정규형(1NF), 제2정규형(2NF), 제3정규형(3NF) 등이 있습니다."
SQLD,"Q13. 비정규화란 무엇인가요? 답변: 비정규화는 성능 향상 등을 위해 정규화된 데이터베이스 구조를 의도적으로 중복하는 과정입니다. 설명: 비정규화는 주로 조회 성능을 높이기 위해 사용됩니다."
SQLD,"Q14. Primary Key란 무엇인가요? 답변: Primary Key는 테이블 내에서 각 행을 고유하게 식별하는 컬럼입니다. 설명: Primary Key는 NULL 값을 가질 수 없으며, 중복될 수 없습니다."
SQLD,"Q15. Foreign Key란 무엇인가요? 답변: Foreign Key는 다른 테이블의 Primary Key를 참조하는 컬럼입니다. 설명: Foreign Key는 테이블 간의 관계를 정의하며, 데이터 무결성을 유지합니다."
SQLD,"Q16. Unique Key란 무엇인가요? 답변: Unique Key는 테이블 내에서 고유한 값을 가지는 컬럼입니다. 설명: Unique Key는 NULL 값을 가질 수 있으며, 중복될 수 없습니다."
SQLD,"Q17. CHECK 제약 조건이란 무엇인가요? 답변: CHECK 제약 조건은 컬럼에 입력될 값의 조건을 정의합니다. 설명: CHECK 제약 조건을 사용하여 특정 범위나 조건을 만족하는 데이터를 입력할 수 있습니다."
SQLD,"Q18. DEFAULT 제약 조건이란 무엇인가요? 답변: DEFAULT 제약 조건은 컬럼에 기본값을 설정합니다. 설명: DEFAULT 값을 설정하여 값이 입력되지 않았을 때 기본값이 자동으로 입력되게 할 수 있습니다."
SQLD,"Q19. ACID 특성이란 무엇인가요? 답변: ACID 특성은 트랜잭션이 가져야 할 네 가지 특성입니다. 설명: 원자성(Atomicity), 일관성(Consistency), 고립성(Isolation), 지속성(Durability)을 말합니다."
SQLD,"Q20. 데이터 무결성이란 무엇인가요? 답변: 데이터 무결성은 데이터의 정확성과 일관성을 유지하는 것을 의미합니다. 설명: 참조 무결성, 도메인 무결성, 엔티티 무결성 등이 있습니다."

Docker,"Q1. Docker란 무엇인가요? 답변: Docker는 애플리케이션을 컨테이너화하여 배포하고 관리하는 오픈 소스 플랫폼입니다. 설명: Docker는 애플리케이션과 해당 환경을 패키징하여 일관된 실행 환경을 제공합니다."
Docker,"Q2. 컨테이너란 무엇인가요? 답변: 컨테이너는 애플리케이션과 그 종속성을 포함하는 가상화된 실행 환경입니다. 설명: 컨테이너는 가상 머신과 달리 OS 커널을 공유하여 경량화되어 있습니다."
Docker,"Q3. 이미지란 무엇인가요? 답변: 이미지(Image)는 컨테이너를 생성하기 위한 템플릿입니다. 설명: Docker 이미지는 애플리케이션 실행에 필요한 파일과 설정을 포함하고 있습니다."
Docker,"Q4. Dockerfile이란 무엇인가요? 답변: Dockerfile은 Docker 이미지를 생성하기 위한 설정 파일입니다. 설명: Dockerfile에는 이미지를 빌드하는 데 필요한 명령어와 설정이 포함됩니다."
Docker,"Q5. Docker Hub란 무엇인가요? 답변: Docker Hub는 Docker 이미지를 저장하고 공유하는 레지스트리 서비스입니다. 설명: 사용자들은 Docker Hub에서 공개된 이미지를 다운로드하거나 자신만의 이미지를 업로드할 수 있습니다."
Docker,"Q6. 도커 컴포즈(Docker Compose)란 무엇인가요? 답변: Docker Compose는 멀티 컨테이너 Docker 애플리케이션을 정의하고 실행하는 도구입니다. 설명: Compose 파일(docker-compose.yml)에 여러 컨테이너의 설정을 정의할 수 있습니다."
Docker,"Q7. 도커 스웜(Docker Swarm)란 무엇인가요? 답변: Docker Swarm은 Docker의 네이티브 클러스터링 및 오케스트레이션 도구입니다. 설명: Swarm을 사용하여 여러 Docker 호스트를 하나의 가상 호스트처럼 운영할 수 있습니다."
Docker,"Q8. 볼륨(Volume)이란 무엇인가요? 답변: 볼륨은 Docker 컨테이너의 데이터 지속성을 위한 디렉터리입니다. 설명: 컨테이너가 종료되더라도 볼륨에 저장된 데이터는 유지됩니다."
Docker,"Q9. 도커 네트워크란 무엇인가요? 답변: Docker 네트워크는 Docker 컨테이너 간의 통신을 위한 가상 네트워크입니다. 설명: Docker는 브리지 네트워크, 호스트 네트워크, 오버레이 네트워크 등을 제공합니다."
Docker,"Q10. 이미지 빌드란 무엇인가요? 답변: 이미지 빌드는 Dockerfile을 사용하여 Docker 이미지를 생성하는 과정입니다. 설명: docker build 명령어를 사용하여 이미지를 빌드할 수 있습니다."
Docker,"Q11. 컨테이너 실행이란 무엇인가요? 답변: 컨테이너 실행은 Docker 이미지를 기반으로 컨테이너를 생성하고 시작하는 과정입니다. 설명: docker run 명령어를 사용하여 컨테이너를 실행할 수 있습니다."
Docker,"Q12. Docker Registry란 무엇인가요? 답변: Docker Registry는 Docker 이미지를 저장하고 배포하는 서버입니다. 설명: Docker Hub는 가장 많이 사용되는 공개 Docker Registry입니다."
Docker,"Q13. 도커 파일 시스템 구조는 어떻게 되나요? 답변: Docker는 Union File System을 사용하여 레이어 기반의 파일 시스템을 구현합니다. 설명: 각 레이어는 변경 사항을 기록하며, 이미지 빌드시 효율성을 높입니다."
Docker,"Q14. 도커 브리지 네트워크란 무엇인가요? 답변: 브리지 네트워크는 기본적으로 Docker에서 생성하는 가상 네트워크입니다. 설명: 같은 브리지 네트워크에 있는 컨테이너는 서로 통신할 수 있습니다."
Docker,"Q15. 도커 호스트 네트워크란 무엇인가요? 답변: 호스트 네트워크는 컨테이너가 호스트의 네트워크 설정을 공유하는 모드입니다. 설명: 성능이 중요한 애플리케이션에서 네트워크 오버헤드를 줄이는 데 사용됩니다."
Docker,"Q16. 도커 오버레이 네트워크란 무엇인가요? 답변: 오버레이 네트워크는 여러 Docker 호스트 간에 컨테이너를 연결하는 네트워크입니다. 설명: Swarm 모드에서 클러스터 내의 컨테이너 통신을 위해 주로 사용됩니다."
Docker,"Q17. 도커 컨테이너와 가상 머신의 차이는 무엇인가요? 답변: Docker 컨테이너는 호스트 OS의 커널을 공유하고, 가상 머신은 하이퍼바이저를 통해 각각의 OS를 실행합니다. 설명: 컨테이너는 가볍고 빠르며, 가상 머신은 더 높은 격리성을 제공합니다."
Docker,"Q18. 도커 컴포즈 파일의 구조는 어떻게 되나요? 답변: Docker Compose 파일은 YAML 형식으로 작성되며, 각 서비스의 설정을 정의합니다. 설명: 버전, 서비스, 네트워크, 볼륨 등의 설정을 포함할 수 있습니다."
Docker,"Q19. 도커 이미지 레이어란 무엇인가요? 답변: 도커 이미지 레이어는 이미지의 변경 사항을 포함하는 파일 시스템 레이어입니다. 설명: 레이어를 사용하여 이미지 빌드의 효율성을 높이고, 중복을 최소화합니다."
Docker,"Q20. 도커 컨테이너의 상태 관리란 무엇인가요? 답변: 도커 컨테이너는 생성, 실행, 중지, 제거 등의 상태를 가집니다. 설명: docker ps 명령어를 사용하여 컨테이너의 상태를 확인하고 관리할 수 있습니다."

category,content
Django,"Q1. Django 프로젝트를 시작하려고 하는데 'django-admin' 명령어를 찾을 수 없다고 나옵니다. 어떻게 해야 하나요? 답변: 가상환경을 활성화하고 'django-admin' 명령어를 실행해보세요. 가상환경이 활성화되어 있지 않으면 django-admin을 찾을 수 없습니다. 예시: source myenv/bin/activate (Linux/Mac) 또는 myenv\Scripts\activate (Windows)"
Django,"Q2. Django에서 데이터베이스를 설정하고 'python manage.py migrate' 명령어를 실행했는데, 'OperationalError: no such table' 에러가 발생합니다. 어떻게 해결하나요? 답변: 이 에러는 테이블이 아직 생성되지 않았을 때 발생합니다. 'python manage.py makemigrations' 명령어를 먼저 실행하여 마이그레이션 파일을 생성한 후, 다시 'python manage.py migrate' 명령어를 실행하세요."
Django,"Q3. Django 모델을 변경한 후 변경 사항이 반영되지 않습니다. 어떻게 해야 하나요? 답변: 모델을 변경한 후에는 'python manage.py makemigrations' 명령어로 마이그레이션 파일을 생성하고, 'python manage.py migrate' 명령어로 변경 사항을 데이터베이스에 적용해야 합니다."
Django,"Q4. Django에서 사용자 정의 관리자(admin) 페이지를 만들고 싶습니다. 어떻게 해야 하나요? 답변: admin.py 파일에서 모델을 등록하고, ModelAdmin 클래스를 상속받아 사용자 정의 관리자 페이지를 구성할 수 있습니다. 예시: from django.contrib import admin from .models import MyModel class MyModelAdmin(admin.ModelAdmin): list_display = ('field1', 'field2') admin.site.register(MyModel, MyModelAdmin)"
Django,"Q5. Django에서 사용자 인증을 구현하려고 하는데, 'AUTHENTICATION_BACKENDS' 설정을 어디에 해야 하나요? 답변: settings.py 파일에 'AUTHENTICATION_BACKENDS' 설정을 추가해야 합니다. 예시: AUTHENTICATION_BACKENDS = ('django.contrib.auth.backends.ModelBackend',)"
Django,"Q6. Django에서 URL 패턴을 정의할 때 'path'와 're_path'의 차이는 무엇인가요? 답변: 'path'는 간단한 정규 표현식을 사용하지 않는 URL 패턴을 정의할 때 사용하고, 're_path'는 정규 표현식을 사용하는 URL 패턴을 정의할 때 사용합니다. 예시: from django.urls import path, re_path from . import views path('home/', views.home, name='home') re_path(r'^article/(?P<id>\d+)/$', views.article, name='article')"
Django,"Q7. Django에서 폼 데이터를 처리할 때 'request.POST'와 'request.GET'의 차이는 무엇인가요? 답변: 'request.POST'는 POST 요청으로 전송된 데이터를 처리할 때 사용하고, 'request.GET'은 GET 요청으로 전송된 데이터를 처리할 때 사용합니다. 예시: if request.method == 'POST': form_data = request.POST else: form_data = request.GET"
Django,"Q8. Django에서 파일 업로드를 처리하려면 어떻게 해야 하나요? 답변: 모델에 FileField 또는 ImageField를 추가하고, 폼에서 파일 입력을 처리해야 합니다. 또한 settings.py에 MEDIA_ROOT와 MEDIA_URL을 설정해야 합니다. 예시: models.py: file = models.FileField(upload_to='uploads/') settings.py: MEDIA_ROOT = os.path.join(BASE_DIR, 'media') MEDIA_URL = '/media/'"
Django,"Q9. Django 템플릿에서 조건문을 사용할 때 어떻게 하나요? 답변: Django 템플릿에서는 {% if %} 태그를 사용하여 조건문을 작성할 수 있습니다. 예시: {% if user.is_authenticated %} <p>Welcome, {{ user.username }}!</p> {% else %} <p>Please log in.</p> {% endif %}"
Django,"Q10. Django에서 CSRF 토큰을 사용하는 이유는 무엇인가요? 답변: CSRF 토큰은 Cross-Site Request Forgery 공격을 방지하기 위해 사용됩니다. Django는 POST 요청에서 CSRF 토큰을 확인하여 요청이 신뢰할 수 있는지 검증합니다. 템플릿에서 {% csrf_token %} 태그를 사용하여 CSRF 토큰을 추가할 수 있습니다."
Django,"Q11. Django에서 사용자의 비밀번호를 어떻게 변경하나요? 답변: Django의 내장 인증 시스템을 사용하여 비밀번호를 변경할 수 있습니다. 예시: from django.contrib.auth.models import User user = User.objects.get(username='username') user.set_password('new_password') user.save()"
Django,"Q12. Django에서 세션을 사용하려면 어떻게 해야 하나요? 답변: Django에서 세션을 사용하려면 settings.py에서 SESSION_ENGINE 설정을 확인하고, 뷰에서 request.session을 사용하여 세션 데이터를 설정하거나 가져올 수 있습니다. 예시: request.session['key'] = 'value' value = request.session.get('key', 'default_value')"
Django,"Q13. Django에서 쿼리셋을 사용하여 데이터베이스를 조회할 때 특정 조건을 적용하려면 어떻게 하나요? 답변: filter() 메서드를 사용하여 특정 조건을 적용할 수 있습니다. 예시: from .models import MyModel results = MyModel.objects.filter(field1='value1', field2='value2')"
Django,"Q14. Django에서 폼 유효성 검사를 어떻게 하나요? 답변: 폼 클래스를 정의하고, 뷰에서 폼 인스턴스를 생성하여 is_valid() 메서드를 사용하여 유효성을 검사할 수 있습니다. 예시: from .forms import MyForm if request.method == 'POST': form = MyForm(request.POST) if form.is_valid(): # 유효성 검사 통과 후 처리 로직"
Django,"Q15. Django에서 AJAX 요청을 처리하려면 어떻게 해야 하나요? 답변: AJAX 요청을 처리하기 위해서는 뷰에서 JsonResponse를 사용하여 응답을 반환할 수 있습니다. 예시: from django.http import JsonResponse def my_ajax_view(request): data = {'key': 'value'} return JsonResponse(data)"
Django,"Q16. Django에서 커스텀 관리 명령어를 추가하려면 어떻게 해야 하나요? 답변: management/commands 디렉터리에 커스텀 명령어를 정의하고, BaseCommand 클래스를 상속받아 구현합니다. 예시: from django.core.management.base import BaseCommand class Command(BaseCommand): help = 'My custom command' def handle(self, *args, **kwargs): self.stdout.write('Hello, world!')"
Django,"Q17. Django에서 로그인한 사용자만 접근할 수 있는 뷰를 만들려면 어떻게 해야 하나요? 답변: @login_required 데코레이터를 사용하여 로그인한 사용자만 접근할 수 있도록 할 수 있습니다. 예시: from django.contrib.auth.decorators import login_required @login_required def my_view(request): return render(request, 'my_template.html')"
Django,"Q18. Django에서 이메일을 보내려면 어떻게 해야 하나요? 답변: Django의 이메일 유틸리티를 사용하여 이메일을 보낼 수 있습니다. 예시: from django.core.mail import send_mail send_mail('Subject', 'Message', 'from@example.com', ['to@example.com'])"
Django,"Q19. Django에서 캐시를 설정하려면 어떻게 해야 하나요? 답변: settings.py 파일에서 CACHES 설정을 추가하고, 사용할 캐시 백엔드를 설정합니다. 예시: CACHES = { 'default': { 'BACKEND': 'django.core.cache.backends.memcached.MemcachedCache', 'LOCATION': '127.0.0.1:11211', } }"
Django,"Q20. Django에서 모델 간의 관계를 정의하려면 어떻게 하나요? 답변: ForeignKey, ManyToManyField, OneToOneField를 사용하여 모델 간의 관계를 정의할 수 있습니다. 예시: class Author(models.Model): name = models.CharField(max_length=100) class Book(models.Model): author = models.ForeignKey(Author, on_delete=models.CASCADE) title = models.CharField(max_length=200)"

category,content
SQLD,"Q1. SQL 쿼리를 실행할 때 'Syntax error'가 발생합니다. 원인이 무엇일까요? 답변: SQL 구문에서 문법 오류가 발생했을 수 있습니다. 각 명령어의 철자, 괄호, 쉼표 등을 확인해보세요. 예시: SELECT * FROM table_name WHERE column_name = 'value';"
SQLD,"Q2. SQL에서 데이터를 삽입하려고 할 때 'Integrity constraint violation' 오류가 발생합니다. 어떻게 해결하나요? 답변: 이 오류는 삽입하려는 데이터가 제약 조건을 위반했을 때 발생합니다. 예를 들어, 기본 키 중복, 외래 키 참조 무결성 위반 등이 있습니다. 입력 데이터를 확인하고 제약 조건을 준수하세요."
SQLD,"Q3. 테이블을 생성할 때 'Table already exists' 오류가 발생합니다. 어떻게 해결하나요? 답변: 동일한 이름의 테이블이 이미 존재할 때 발생합니다. 테이블 이름을 변경하거나 기존 테이블을 삭제한 후 다시 시도하세요. 예시: DROP TABLE IF EXISTS table_name; CREATE TABLE table_name (column1 datatype, column2 datatype, ...);"
SQLD,"Q4. SQL에서 'NULL' 값을 처리할 때 주의해야 할 점은 무엇인가요? 답변: 'NULL' 값은 어떤 값도 아닌 상태를 의미합니다. 비교 연산에서 'NULL' 값을 주의해서 다뤄야 합니다. 예시: IS NULL 또는 IS NOT NULL을 사용하여 'NULL' 값을 처리할 수 있습니다. SELECT * FROM table_name WHERE column_name IS NULL;"
SQLD,"Q5. SQL에서 JOIN을 사용할 때 'ambiguous column' 오류가 발생합니다. 어떻게 해결하나요? 답변: 여러 테이블을 조인할 때 동일한 이름의 컬럼이 있는 경우 발생합니다. 테이블 이름이나 별칭을 사용하여 컬럼을 명확히 구분하세요. 예시: SELECT a.column_name, b.column_name FROM table1 a JOIN table2 b ON a.id = b.id;"
SQLD,"Q6. SQL에서 서브쿼리를 사용할 때 'subquery returns more than one row' 오류가 발생합니다. 어떻게 해결하나요? 답변: 서브쿼리가 단일 행이 아닌 다중 행을 반환할 때 발생합니다. 서브쿼리가 다중 행을 반환하지 않도록 하거나 IN, ANY, ALL 연산자를 사용하세요. 예시: SELECT * FROM table_name WHERE column_name IN (SELECT column_name FROM another_table);"
SQLD,"Q7. SQL에서 데이터를 업데이트할 때 특정 조건을 적용하려면 어떻게 해야 하나요? 답변: UPDATE 문에 WHERE 절을 사용하여 특정 조건을 적용할 수 있습니다. 예시: UPDATE table_name SET column1 = 'value' WHERE column2 = 'condition';"
SQLD,"Q8. SQL에서 데이터를 삭제할 때 특정 조건을 적용하려면 어떻게 해야 하나요? 답변: DELETE 문에 WHERE 절을 사용하여 특정 조건을 적용할 수 있습니다. 예시: DELETE FROM table_name WHERE column_name = 'condition';"
SQLD,"Q9. SQL에서 테이블의 스키마를 변경하려면 어떻게 해야 하나요? 답변: ALTER TABLE 문을 사용하여 테이블의 스키마를 변경할 수 있습니다. 예시: ALTER TABLE table_name ADD column_name datatype; ALTER TABLE table_name MODIFY column_name new_datatype; ALTER TABLE table_name DROP COLUMN column_name;"
SQLD,"Q10. SQL에서 트랜잭션을 사용하려면 어떻게 해야 하나요? 답변: 트랜잭션을 시작하려면 BEGIN TRANSACTION을 사용하고, 커밋하려면 COMMIT, 롤백하려면 ROLLBACK을 사용합니다. 예시: BEGIN TRANSACTION; UPDATE table_name SET column_name = 'value'; COMMIT;"
SQLD,"Q11. SQL에서 인덱스를 생성하려면 어떻게 해야 하나요? 답변: CREATE INDEX 문을 사용하여 인덱스를 생성할 수 있습니다. 예시: CREATE INDEX index_name ON table_name (column_name);"
SQLD,"Q12. SQL에서 뷰(View)를 생성하려면 어떻게 해야 하나요? 답변: CREATE VIEW 문을 사용하여 뷰를 생성할 수 있습니다. 예시: CREATE VIEW view_name AS SELECT column1, column2 FROM table_name WHERE condition;"
SQLD,"Q13. SQL에서 GROUP BY와 HAVING의 차이는 무엇인가요? 답변: GROUP BY는 데이터를 그룹화하고, HAVING은 그룹화된 데이터에 조건을 적용합니다. 예시: SELECT column1, COUNT(*) FROM table_name GROUP BY column1 HAVING COUNT(*) > 1;"
SQLD,"Q14. SQL에서 날짜와 시간을 처리하려면 어떻게 해야 하나요? 답변: DATE, TIME, TIMESTAMP 데이터 타입을 사용하고, DATE 함수와 연산자를 사용하여 날짜와 시간을 처리할 수 있습니다. 예시: SELECT * FROM table_name WHERE DATE(column_name) = '2023-01-01';"
SQLD,"Q15. SQL에서 문자열을 연결하려면 어떻게 해야 하나요? 답변: CONCAT 함수 또는 || 연산자를 사용하여 문자열을 연결할 수 있습니다. 예시: SELECT CONCAT(column1, column2) FROM table_name; SELECT column1 || column2 FROM table_name;"
SQLD,"Q16. SQL에서 CASE 문을 사용하는 방법은 무엇인가요? 답변: CASE 문을 사용하여 조건에 따라 다른 값을 반환할 수 있습니다. 예시: SELECT column_name, CASE WHEN condition1 THEN 'value1' WHEN condition2 THEN 'value2' ELSE 'value3' END FROM table_name;"
SQLD,"Q17. SQL에서 DISTINCT 키워드의 역할은 무엇인가요? 답변: DISTINCT 키워드는 중복된 값을 제거하고 고유한 값을 반환합니다. 예시: SELECT DISTINCT column_name FROM table_name;"
SQLD,"Q18. SQL에서 LIMIT와 OFFSET의 차이는 무엇인가요? 답변: LIMIT는 반환할 행의 수를 제한하고, OFFSET은 반환할 행의 시작 지점을 설정합니다. 예시: SELECT * FROM table_name LIMIT 10 OFFSET 20;"
SQLD,"Q19. SQL에서 데이터베이스 사용자 권한을 부여하려면 어떻게 해야 하나요? 답변: GRANT 문을 사용하여 사용자에게 권한을 부여할 수 있습니다. 예시: GRANT SELECT, INSERT ON table_name TO 'username';"
SQLD,"Q20. SQL에서 스토어드 프로시저를 생성하려면 어떻게 해야 하나요? 답변: CREATE PROCEDURE 문을 사용하여 스토어드 프로시저를 생성할 수 있습니다. 예시: CREATE PROCEDURE procedure_name (IN parameter1 datatype, OUT parameter2 datatype) BEGIN -- 프로시저 본문 END;"

Django,"Q1. 'ImportError: No module named <module_name>' 오류가 발생합니다. 어떻게 해결하나요? 답변: 이 오류는 모듈을 찾을 수 없을 때 발생합니다. 해당 모듈이 설치되어 있는지 확인하고, 설치되어 있지 않다면 pip install <module_name> 명령어로 설치하세요."
Django,"Q2. 'ModuleNotFoundError: No module named 'myapp'' 오류가 발생합니다. 어떻게 해결하나요? 답변: settings.py 파일의 INSTALLED_APPS 목록에 'myapp'이 추가되어 있는지 확인하세요. 예시: INSTALLED_APPS = [ ... 'myapp', ]"
Django,"Q3. 'django.core.exceptions.ImproperlyConfigured: The included URLconf '<module>' does not appear to have any patterns in it' 오류가 발생합니다. 어떻게 해결하나요? 답변: urls.py 파일에서 urlpatterns 리스트가 비어 있지 않은지 확인하세요. 패턴이 올바르게 정의되어 있는지 확인하세요. 예시: from django.urls import path from . import views urlpatterns = [ path('home/', views.home, name='home'), ]"
Django,"Q4. 'TemplateDoesNotExist' 오류가 발생합니다. 어떻게 해결하나요? 답변: 템플릿 파일이 올바른 경로에 있는지 확인하고, settings.py 파일의 TEMPLATES 설정에서 'DIRS'에 올바른 템플릿 디렉토리가 포함되어 있는지 확인하세요. 예시: TEMPLATES = [ { ... 'DIRS': [os.path.join(BASE_DIR, 'templates')], ... } ]"
Django,"Q5. 'django.db.utils.IntegrityError: NOT NULL constraint failed' 오류가 발생합니다. 어떻게 해결하나요? 답변: 필수 필드에 값이 제공되지 않았을 때 발생하는 오류입니다. 모델 필드에서 null=True 또는 blank=True 옵션을 추가하거나, 데이터를 삽입할 때 모든 필수 필드에 값을 제공하세요."
Django,"Q6. 'TypeError: __init__() got an unexpected keyword argument' 오류가 발생합니다. 어떻게 해결하나요? 답변: 클래스의 __init__ 메서드에서 정의되지 않은 키워드 인자가 전달될 때 발생하는 오류입니다. 클래스 정의에서 해당 키워드 인자를 확인하고 올바르게 정의했는지 확인하세요."
Django,"Q7. 'AttributeError: 'function' object has no attribute' 오류가 발생합니다. 어떻게 해결하나요? 답변: 이 오류는 함수 객체에서 존재하지 않는 속성에 접근하려고 할 때 발생합니다. 변수 이름이 함수 이름과 충돌하지 않는지 확인하고, 올바른 객체에 접근하고 있는지 확인하세요."
Django,"Q8. 'ValueError: invalid literal for int() with base 10' 오류가 발생합니다. 어떻게 해결하나요? 답변: 이 오류는 문자열을 정수로 변환할 수 없을 때 발생합니다. 변환하려는 값이 유효한 정수인지 확인하고, 필요하다면 예외 처리를 추가하세요. 예시: try: value = int('string_value') except ValueError: # 예외 처리 로직"
Django,"Q9. 'OperationalError: no such table' 오류가 발생합니다. 어떻게 해결하나요? 답변: 이 오류는 데이터베이스에 테이블이 존재하지 않을 때 발생합니다. 마이그레이션이 올바르게 적용되었는지 확인하고, 필요한 경우 'python manage.py makemigrations' 및 'python manage.py migrate' 명령어를 실행하세요."
Django,"Q10. 'ProgrammingError: column <column_name> of relation <table_name> does not exist' 오류가 발생합니다. 어떻게 해결하나요? 답변: 이 오류는 데이터베이스 테이블에 해당 열이 없을 때 발생합니다. 모델 변경 후 마이그레이션을 생성하고 적용했는지 확인하세요. 예시: 'python manage.py makemigrations' 및 'python manage.py migrate'"
Django,"Q11. 'django.core.exceptions.FieldError: Unknown field(s) (field_name) specified for' 오류가 발생합니다. 어떻게 해결하나요? 답변: 모델에 정의되지 않은 필드를 쿼리셋에 사용하려고 할 때 발생합니다. 모델 클래스에서 해당 필드가 올바르게 정의되었는지 확인하고, 쿼리셋에서 올바른 필드를 사용하세요."
Django,"Q12. 'django.core.exceptions.ValidationError: ['<field_name>'] is required.' 오류가 발생합니다. 어떻게 해결하나요? 답변: 이 오류는 필수 필드에 값이 제공되지 않았을 때 발생합니다. 폼을 제출할 때 모든 필수 필드에 값을 제공했는지 확인하고, 필요하다면 폼 필드에 required=False 옵션을 추가하세요."
Django,"Q13. 'SyntaxError: invalid syntax' 오류가 발생합니다. 어떻게 해결하나요? 답변: 이 오류는 코드에 문법 오류가 있을 때 발생합니다. 코드를 꼼꼼히 검토하여 누락된 콜론, 괄호, 따옴표 등을 확인하고, 잘못된 문법이 없는지 확인하세요."
Django,"Q14. 'TypeError: 'module' object is not callable' 오류가 발생합니다. 어떻게 해결하나요? 답변: 모듈 이름과 함수 이름이 동일할 때 발생하는 오류입니다. 모듈을 호출하려고 하지 않았는지 확인하고, 필요한 경우 모듈에서 함수를 가져와서 사용하세요. 예시: from mymodule import myfunction myfunction()"
Django,"Q15. 'NameError: name '<variable_name>' is not defined' 오류가 발생합니다. 어떻게 해결하나요? 답변: 이 오류는 변수가 정의되지 않았을 때 발생합니다. 변수 이름이 올바르게 철자가 맞는지 확인하고, 변수를 사용하기 전에 정의했는지 확인하세요."
Django,"Q16. 'ImportError: cannot import name' 오류가 발생합니다. 어떻게 해결하나요? 답변: 순환 참조나 모듈 이름 충돌로 인해 발생하는 오류입니다. 임포트 순서를 변경하거나 모듈 이름을 변경하여 순환 참조를 해결하세요."
Django,"Q17. 'django.core.exceptions.AppRegistryNotReady: Apps aren't loaded yet' 오류가 발생합니다. 어떻게 해결하나요? 답변: 이 오류는 Django 앱이 완전히 로드되기 전에 모델을 임포트하려고 할 때 발생합니다. 앱이 로드된 후에 모델을 임포트하도록 코드를 수정하세요. 예시: from django.apps import apps MyModel = apps.get_model('myapp', 'MyModel')"
Django,"Q18. 'TypeError: view must be a callable or a list/tuple in the case of include()' 오류가 발생합니다. 어떻게 해결하나요? 답변: 이 오류는 URL 패턴에서 뷰가 호출 가능한 객체가 아닐 때 발생합니다. 뷰 함수나 클래스를 올바르게 지정했는지 확인하세요. 예시: from . import views path('home/', views.home, name='home')"
Django,"Q19. 'AssertionError: A 'urlpatterns' object is required' 오류가 발생합니다. 어떻게 해결하나요? 답변: urls.py 파일에서 urlpatterns 리스트가 정의되지 않았을 때 발생합니다. urlpatterns 리스트를 올바르게 정의했는지 확인하세요. 예시: urlpatterns = [ path('home/', views.home, name='home'), ]"
Django,"Q20. 'django.template.exceptions.TemplateSyntaxError: Invalid block tag on line n: 'endblock'. Did you forget to register or load this tag?' 오류가 발생합니다. 어떻게 해결하나요? 답변: 템플릿 태그를 잘못 사용했을 때 발생합니다. 템플릿 태그가 올바르게 열리고 닫혔는지 확인하세요. 예시: {% block content %} ... {% endblock %}"

AWS,"Q1. 'botocore.exceptions.NoCredentialsError: Unable to locate credentials' 오류가 발생합니다. 어떻게 해결하나요? 답변: AWS CLI를 사용하여 자격 증명을 구성했는지 확인하세요. 'aws configure' 명령어를 사용하여 액세스 키와 비밀 액세스 키를 설정할 수 있습니다."
AWS,"Q2. 'An error occurred (AccessDenied) when calling the PutObject operation: Access Denied' 오류가 발생합니다. 어떻게 해결하나요? 답변: S3 버킷에 대한 쓰기 권한이 있는지 확인하세요. 버킷 정책이나 IAM 정책을 확인하여 올바른 권한이 부여되었는지 확인하세요."
AWS,"Q3. 'botocore.exceptions.EndpointConnectionError: Could not connect to the endpoint URL' 오류가 발생합니다. 어떻게 해결하나요? 답변: 지정된 서비스의 엔드포인트 URL이 올바른지 확인하세요. 인터넷 연결이 가능한지 확인하고, 올바른 리전이 지정되었는지 확인하세요."
AWS,"Q4. 'An error occurred (InvalidParameterCombination) when calling the RunInstances operation: Instance type <type> does not support the specified placement group' 오류가 발생합니다. 어떻게 해결하나요? 답변: 선택한 인스턴스 유형이 지정된 배치 그룹을 지원하지 않습니다. 다른 인스턴스 유형을 선택하거나 배치 그룹을 변경하세요."
AWS,"Q5. 'botocore.exceptions.ClientError: An error occurred (InvalidAMIID.NotFound) when calling the RunInstances operation: The image id '[ami-id]' does not exist' 오류가 발생합니다. 어떻게 해결하나요? 답변: AMI ID가 올바른지 확인하고, 해당 리전에서 유효한지 확인하세요."
AWS,"Q6. 'An error occurred (AuthFailure) when calling the DescribeInstances operation: AWS was not able to validate the provided access credentials' 오류가 발생합니다. 어떻게 해결하나요? 답변: 제공된 액세스 자격 증명이 올바른지 확인하세요. 'aws configure' 명령어를 사용하여 자격 증명을 다시 설정해보세요."
AWS,"Q7. 'ValueError: Invalid endpoint: https://dynamodb..amazonaws.com' 오류가 발생합니다. 어떻게 해결하나요? 답변: DynamoDB 엔드포인트 URL이 올바른지 확인하세요. 리전 이름이 정확한지 확인하고, URL에 오타가 없는지 확인하세요."
AWS,"Q8. 'An error occurred (EntityAlreadyExists) when calling the CreateRole operation: Role with name <role-name> already exists' 오류가 발생합니다. 어떻게 해결하나요? 답변: 지정한 이름의 역할(Role)이 이미 존재합니다. 다른 이름을 사용하거나 기존 역할을 수정하세요."
AWS,"Q9. 'botocore.exceptions.WaiterError: Waiter InstanceRunning failed: Max attempts exceeded' 오류가 발생합니다. 어떻게 해결하나요? 답변: 인스턴스가 실행 중인지 확인하고, 문제가 지속되면 AWS 지원에 문의하세요. 인스턴스 상태 확인을 위해 DescribeInstances API를 사용할 수 있습니다."
AWS,"Q10. 'An error occurred (RequestLimitExceeded) when calling the <operation> operation' 오류가 발생합니다. 어떻게 해결하나요? 답변: 요청 제한을 초과했습니다. 잠시 후 다시 시도하거나, AWS 지원에 문의하여 제한을 증가시킬 수 있습니다."
AWS,"Q11. 'ModuleNotFoundError: No module named 'boto3'' 오류가 발생합니다. 어떻게 해결하나요? 답변: boto3 라이브러리가 설치되지 않았습니다. 'pip install boto3' 명령어를 사용하여 설치하세요."
AWS,"Q12. 'Error: Unable to locate credentials' 오류가 발생합니다. 어떻게 해결하나요? 답변: AWS 자격 증명이 올바르게 구성되었는지 확인하세요. 'aws configure' 명령어를 사용하여 자격 증명을 설정하거나, 환경 변수를 통해 자격 증명을 설정할 수 있습니다."
AWS,"Q13. 'An error occurred (ValidationError) when calling the CreateStack operation: Parameters: [<parameter-name>] must be a number' 오류가 발생합니다. 어떻게 해결하나요? 답변: CloudFormation 템플릿에서 지정된 매개변수가 숫자 형식인지 확인하세요. 문자열 대신 숫자 값을 사용하세요."
AWS,"Q14. 'An error occurred (ThrottlingException) when calling the <operation> operation: Rate exceeded' 오류가 발생합니다. 어떻게 해결하나요? 답변: 요청 속도가 제한을 초과했습니다. 요청 빈도를 줄이거나, AWS 지원에 문의하여 제한을 증가시킬 수 있습니다."
AWS,"Q15. 'AccessDeniedException: User: arn:aws:iam::<account-id>:user/<user-name> is not authorized to perform: <operation>' 오류가 발생합니다. 어떻게 해결하나요? 답변: IAM 정책에서 해당 작업에 대한 권한이 부여되었는지 확인하세요. 필요한 권한을 추가하거나 수정하세요."
AWS,"Q16. 'An error occurred (NoSuchBucket) when calling the PutObject operation: The specified bucket does not exist' 오류가 발생합니다. 어떻게 해결하나요? 답변: S3 버킷 이름이 정확한지 확인하고, 버킷이 존재하는지 확인하세요."
AWS,"Q17. 'botocore.exceptions.ParamValidationError: Parameter validation failed' 오류가 발생합니다. 어떻게 해결하나요? 답변: API 호출에 사용된 매개변수가 올바른지 확인하세요. 매개변수 형식이나 값이 API 사양에 맞는지 확인하세요."
AWS,"Q18. 'An error occurred (SignatureDoesNotMatch) when calling the <operation> operation' 오류가 발생합니다. 어떻게 해결하나요? 답변: 요청 서명이 올바르지 않습니다. 액세스 키와 비밀 액세스 키가 정확한지 확인하고, 시스템 시간이 정확한지 확인하세요."
AWS,"Q19. 'An error occurred (InvalidParameterValue) when calling the <operation> operation: Value (<value>) for parameter <parameter-name> is invalid' 오류가 발생합니다. 어떻게 해결하나요? 답변: API 호출에 사용된 매개변수 값이 올바른지 확인하세요. 값이 API 사양에 맞는지 확인하세요."
AWS,"Q20. 'An error occurred (ResourceNotFoundException) when calling the <operation> operation: Requested resource not found' 오류가 발생합니다. 어떻게 해결하나요? 답변: 요청한 리소스가 존재하지 않습니다. 리소스 식별자가 정확한지 확인하고, 리소스가 삭제되지 않았는지 확인하세요."

Docker,"Q1. 'docker: Error response from daemon: Conflict. The container name "/<container_name>" is already in use by container' 오류가 발생합니다. 어떻게 해결하나요? 답변: 동일한 이름의 컨테이너가 이미 실행 중입니다. 'docker ps -a' 명령어로 컨테이너 목록을 확인하고 기존 컨테이너를 제거하거나 이름을 변경하세요."
Docker,"Q2. 'Error: No such container: <container_id>' 오류가 발생합니다. 어떻게 해결하나요? 답변: 지정한 컨테이너 ID가 올바른지 확인하세요. 'docker ps -a' 명령어로 컨테이너 목록을 확인하고, 올바른 ID를 사용하세요."
Docker,"Q3. 'Cannot connect to the Docker daemon at unix:///var/run/docker.sock. Is the docker daemon running?' 오류가 발생합니다. 어떻게 해결하나요? 답변: Docker 데몬이 실행 중인지 확인하세요. 'sudo systemctl start docker' 명령어로 Docker 데몬을 시작하세요."
Docker,"Q4. 'Error response from daemon: pull access denied for <image_name>, repository does not exist or may require 'docker login'' 오류가 발생합니다. 어떻게 해결하나요? 답변: Docker 이미지를 가져올 수 없습니다. 이미지 이름이 올바른지 확인하고, 프라이빗 레지스트리의 경우 'docker login' 명령어로 로그인하세요."
Docker,"Q5. 'docker: Error response from daemon: Driver failed programming external connectivity on endpoint <container_name>' 오류가 발생합니다. 어떻게 해결하나요? 답변: 컨테이너의 네트워크 설정에 문제가 있습니다. 포트가 이미 사용 중인지 확인하고, 다른 포트를 사용하거나 충돌을 해결하세요."
Docker,"Q6. 'exec user process caused: exec format error' 오류가 발생합니다. 어떻게 해결하나요? 답변: 실행 파일이 올바른 형식이 아닙니다. 컨테이너의 아키텍처와 호환되는 실행 파일을 사용하세요."
Docker,"Q7. 'Error response from daemon: Get https://registry-1.docker.io/v2/: net/http: request canceled while waiting for connection' 오류가 발생합니다. 어떻게 해결하나요? 답변: 네트워크 연결 문제로 Docker 레지스트리에 접속할 수 없습니다. 인터넷 연결을 확인하고, 프록시 설정을 확인하세요."
Docker,"Q8. 'ERROR: for <container_name> Cannot start service <service_name>: network <network_name> not found' 오류가 발생합니다. 어떻게 해결하나요? 답변: 지정한 네트워크가 존재하지 않습니다. 'docker network ls' 명령어로 네트워크 목록을 확인하고, 필요한 네트워크를 생성하세요."
Docker,"Q9. 'Error response from daemon: could not select device driver "" with capabilities: [[gpu]]' 오류가 발생합니다. 어떻게 해결하나요? 답변: GPU 지원을 위해 올바른 드라이버가 설치되어 있는지 확인하세요. NVIDIA Docker를 사용 중이라면, 'nvidia-docker'가 설치되어 있는지 확인하세요."
Docker,"Q10. 'Error response from daemon: No such image: <image_name>' 오류가 발생합니다. 어떻게 해결하나요? 답변: 지정한 Docker 이미지가 존재하지 않습니다. 이미지 이름과 태그가 올바른지 확인하고, 'docker images' 명령어로 로컬 이미지를 확인하세요."
Docker,"Q11. 'Error response from daemon: Mounts denied: The path <path> is not shared from the host and is not known to Docker' 오류가 발생합니다. 어떻게 해결하나요? 답변: 호스트의 디렉토리가 Docker에 의해 공유되지 않았습니다. Docker Desktop 설정에서 공유 디렉토리를 추가하거나, 'docker run' 명령어에 올바른 경로를 지정하세요."
Docker,"Q12. 'invalid reference format' 오류가 발생합니다. 어떻게 해결하나요? 답변: Docker 이미지 이름이나 태그의 형식이 올바르지 않습니다. 이미지 이름과 태그가 RFC 3986 규격을 준수하는지 확인하세요."
Docker,"Q13. 'Error response from daemon: manifest for <image_name>:<tag> not found' 오류가 발생합니다. 어떻게 해결하나요? 답변: 지정한 태그의 Docker 이미지를 찾을 수 없습니다. 이미지 이름과 태그가 올바른지 확인하고, 'docker pull <image_name>:<tag>' 명령어로 이미지를 가져오세요."
Docker,"Q14. 'Cannot create container for service <service_name>: create <volume_name>: volume name must be unique' 오류가 발생합니다. 어떻게 해결하나요? 답변: 볼륨 이름이 중복되었습니다. docker-compose 파일에서 고유한 볼륨 이름을 사용하거나, 기존 볼륨을 삭제하세요."
Docker,"Q15. 'Error response from daemon: Bind for 0.0.0.0:<port> failed: port is already allocated' 오류가 발생합니다. 어떻게 해결하나요? 답변: 지정한 포트가 이미 사용 중입니다. 'docker ps' 명령어로 실행 중인 컨테이너를 확인하고, 포트를 변경하거나 충돌을 해결하세요."
Docker,"Q16. 'Error response from daemon: network <network_name> not found' 오류가 발생합니다. 어떻게 해결하나요? 답변: 지정한 네트워크가 존재하지 않습니다. 'docker network ls' 명령어로 네트워크 목록을 확인하고, 필요한 네트워크를 생성하세요."
Docker,"Q17. 'Cannot kill container: <container_id>: No such container' 오류가 발생합니다. 어떻게 해결하나요? 답변: 지정한 컨테이너가 존재하지 않습니다. 'docker ps -a' 명령어로 컨테이너 목록을 확인하고, 올바른 ID를 사용하세요."
Docker,"Q18. 'Error: No such image or container: <name>' 오류가 발생합니다. 어떻게 해결하나요? 답변: 지정한 이름의 이미지나 컨테이너가 존재하지 않습니다. 'docker images' 및 'docker ps -a' 명령어로 이미지를 확인하고, 올바른 이름을 사용하세요."
Docker,"Q19. 'Error: failed to start containers: <container_name>' 오류가 발생합니다. 어떻게 해결하나요? 답변: 컨테이너 시작에 실패했습니다. 컨테이너 로그를 확인하여 문제 원인을 파악하고, 필요한 설정을 수정하세요."
Docker,"Q20. 'Error response from daemon: Unknown runtime specified nvidia' 오류가 발생합니다. 어떻게 해결하나요? 답변: NVIDIA Docker 런타임이 올바르게 설치되어 있는지 확인하세요. 'sudo apt-get install nvidia-docker2' 명령어로 설치하고 Docker 데몬을 재시작하세요."

GIT,"Q1. 'error: src refspec master does not match any' 오류가 발생합니다. 어떻게 해결하나요? 답변: 브랜치 이름이 잘못되었을 수 있습니다. 기본 브랜치가 'master'가 아닌 'main'일 수 있으므로 'git push origin main' 명령어를 사용해보세요."
GIT,"Q2. 'fatal: remote origin already exists.' 오류가 발생합니다. 어떻게 해결하나요? 답변: 원격 저장소가 이미 설정되어 있습니다. 원격 저장소를 변경하려면 'git remote set-url origin <새 원격 저장소 URL>' 명령어를 사용하세요."
GIT,"Q3. 'fatal: could not read from remote repository' 오류가 발생합니다. 어떻게 해결하나요? 답변: SSH 키가 올바르게 설정되었는지 확인하세요. 'ssh-add -l' 명령어로 SSH 에이전트에 키가 추가되었는지 확인하고, 필요하면 'ssh-add <SSH 키 경로>' 명령어를 사용하세요."
GIT,"Q4. 'error: failed to push some refs to' 오류가 발생합니다. 어떻게 해결하나요? 답변: 로컬 브랜치와 원격 브랜치가 충돌한 경우 발생합니다. 'git pull --rebase' 명령어로 최신 커밋을 가져온 후 다시 푸시하세요."
GIT,"Q5. 'merge conflict in <file>' 오류가 발생합니다. 어떻게 해결하나요? 답변: 병합 충돌이 발생한 파일을 열어 수동으로 충돌을 해결한 후 'git add <file>' 명령어로 변경 사항을 스테이징하고, 'git commit' 명령어로 커밋하세요."
GIT,"Q6. 'error: Your local changes to the following files would be overwritten by merge' 오류가 발생합니다. 어떻게 해결하나요? 답변: 로컬 변경 사항을 커밋하거나 스태시하여 병합 시 덮어쓰지 않도록 하세요. 'git stash' 명령어로 로컬 변경 사항을 임시 저장할 수 있습니다."
GIT,"Q7. 'fatal: refusing to merge unrelated histories' 오류가 발생합니다. 어떻게 해결하나요? 답변: 서로 다른 두 저장소를 병합하려고 할 때 발생합니다. 'git pull origin <브랜치 이름> --allow-unrelated-histories' 명령어를 사용하여 강제로 병합하세요."
GIT,"Q8. 'error: cannot lock ref' 오류가 발생합니다. 어떻게 해결하나요? 답변: Git 작업 중에 잠금 파일이 남아 있을 때 발생합니다. '.git/refs/heads/' 디렉토리에서 잠금 파일을 삭제하고 다시 시도하세요."
GIT,"Q9. 'warning: LF will be replaced by CRLF' 경고가 나타납니다. 어떻게 해결하나요? 답변: 라인 엔딩 문제입니다. 'git config --global core.autocrlf false' 명령어로 자동 변환을 비활성화할 수 있습니다."
GIT,"Q10. 'error: unable to unlink old '<file>': Permission denied' 오류가 발생합니다. 어떻게 해결하나요? 답변: 파일 권한 문제입니다. 'sudo' 명령어를 사용하여 관리자 권한으로 파일을 삭제하거나, 파일 권한을 변경하세요."
GIT,"Q11. 'fatal: not a git repository (or any of the parent directories): .git' 오류가 발생합니다. 어떻게 해결하나요? 답변: 현재 디렉토리가 Git 저장소가 아닙니다. 'cd' 명령어를 사용하여 Git 저장소로 이동하거나, 'git init' 명령어로 새 Git 저장소를 초기화하세요."
GIT,"Q12. 'error: pathspec '<branch>' did not match any file(s) known to git' 오류가 발생합니다. 어떻게 해결하나요? 답변: 지정한 브랜치가 존재하지 않습니다. 'git branch' 명령어로 브랜치 목록을 확인하고, 올바른 브랜치 이름을 사용하세요."
GIT,"Q13. 'fatal: ambiguous argument 'HEAD': unknown revision or path not in the working tree' 오류가 발생합니다. 어떻게 해결하나요? 답변: HEAD가 가리키는 커밋이 존재하지 않습니다. 올바른 커밋이나 브랜치를 지정했는지 확인하세요."
GIT,"Q14. 'error: The following untracked working tree files would be overwritten by merge' 오류가 발생합니다. 어떻게 해결하나요? 답변: 병합 시 추적되지 않은 파일이 덮어쓰여질 때 발생합니다. 'git clean -f' 명령어로 추적되지 않은 파일을 삭제하세요."
GIT,"Q15. 'fatal: unable to access '<repository URL>': Could not resolve host' 오류가 발생합니다. 어떻게 해결하나요? 답변: 원격 저장소 URL이 올바른지 확인하고, 인터넷 연결이 가능한지 확인하세요. DNS 설정을 확인하거나 VPN을 사용 중이라면 비활성화하세요."
GIT,"Q16. 'fatal: unknown index entry format' 오류가 발생합니다. 어떻게 해결하나요? 답변: Git 인덱스 파일이 손상되었습니다. 'rm -f .git/index' 명령어로 인덱스 파일을 삭제하고, 'git reset' 명령어로 인덱스를 재생성하세요."
GIT,"Q17. 'fatal: remote error: You can't push to git://github.com/...' 오류가 발생합니다. 어떻게 해결하나요? 답변: 원격 저장소 URL을 'https://'로 변경하세요. 'git remote set-url origin <새 URL>' 명령어를 사용하여 원격 저장소 URL을 업데이트하세요."
GIT,"Q18. 'error: Your local changes to the following files would be overwritten by checkout' 오류가 발생합니다. 어떻게 해결하나요? 답변: 로컬 변경 사항을 커밋하거나 스태시하여 체크아웃 시 덮어쓰지 않도록 하세요. 'git stash' 명령어로 로컬 변경 사항을 임시 저장할 수 있습니다."
GIT,"Q19. 'fatal: unable to connect to <hostname>' 오류가 발생합니다. 어떻게 해결하나요? 답변: 원격 저장소 호스트에 연결할 수 없습니다. 인터넷 연결을 확인하고, 방화벽 설정을 확인하세요."
GIT,"Q20. 'error: failed to push some refs to '<repository URL>'' 오류가 발생합니다. 어떻게 해결하나요? 답변: 원격 브랜치와 로컬 브랜치가 충돌한 경우 발생합니다. 'git pull --rebase' 명령어로 최신 커밋을 가져온 후 다시 푸시하세요."

Pandas,"Q1. 'KeyError: <column_name>' 오류가 발생합니다. 어떻게 해결하나요? 답변: 지정한 열 이름이 데이터프레임에 존재하는지 확인하세요. 열 이름에 오타가 없는지 확인하고, 올바른 열 이름을 사용하세요."
Pandas,"Q2. 'ValueError: Length mismatch: Expected axis has <number> elements, new values have <number> elements' 오류가 발생합니다. 어떻게 해결하나요? 답변: 데이터프레임의 열 또는 행의 개수가 맞지 않을 때 발생합니다. 데이터프레임의 크기를 확인하고, 맞지 않는 부분을 수정하세요."
Pandas,"Q3. 'TypeError: unsupported operand type(s) for +: 'int' and 'str'' 오류가 발생합니다. 어떻게 해결하나요? 답변: 데이터 타입이 맞지 않아 발생하는 오류입니다. 연산하려는 열의 데이터 타입을 일치시키세요. 필요하면 'astype' 메서드를 사용하세요."
Pandas,"Q4. 'pd.read_csv'로 파일을 읽을 때 'FileNotFoundError'가 발생합니다. 어떻게 해결하나요? 답변: 파일 경로가 올바른지 확인하세요. 상대 경로 대신 절대 경로를 사용하거나, 파일이 존재하는지 확인하세요."
Pandas,"Q5. 'SettingWithCopyWarning' 경고가 발생합니다. 어떻게 해결하나요? 답변: 데이터프레임의 슬라이싱 후 값을 할당할 때 발생합니다. 'loc'를 사용하여 명시적으로 값을 할당하거나, 'copy' 메서드를 사용하여 데이터프레임을 복사하세요."
Pandas,"Q6. 'MemoryError'가 발생합니다. 어떻게 해결하나요? 답변: 너무 큰 데이터를 한 번에 처리할 때 발생합니다. 데이터를 청크 단위로 나누어 처리하거나, 필요한 열만 선택하여 읽어오세요."
Pandas,"Q7. 'ValueError: Cannot convert NA to integer' 오류가 발생합니다. 어떻게 해결하나요? 답변: 결측값이 있는 열을 정수형으로 변환할 때 발생합니다. 결측값을 처리한 후 변환하거나, 'fillna' 메서드를 사용하여 결측값을 채우세요."
Pandas,"Q8. 'IndexError: single positional indexer is out-of-bounds' 오류가 발생합니다. 어떻게 해결하나요? 답변: 인덱스가 데이터프레임의 범위를 벗어날 때 발생합니다. 인덱스 범위를 확인하고, 유효한 인덱스를 사용하세요."
Pandas,"Q9. 'ValueError: No objects to concatenate' 오류가 발생합니다. 어떻게 해결하나요? 답변: 병합할 데이터프레임이 비어 있을 때 발생합니다. 데이터프레임이 비어 있지 않은지 확인하고, 병합할 데이터가 있는지 확인하세요."
Pandas,"Q10. 'AttributeError: 'DataFrame' object has no attribute' 오류가 발생합니다. 어떻게 해결하나요? 답변: 데이터프레임에 없는 속성이나 메서드를 호출할 때 발생합니다. 사용하려는 속성이나 메서드가 올바른지 확인하고, 오타가 없는지 확인하세요."
Pandas,"Q11. 'ValueError: Wrong number of items passed' 오류가 발생합니다. 어떻게 해결하나요? 답변: 열이나 행의 개수가 맞지 않을 때 발생합니다. 데이터프레임의 크기를 확인하고, 맞지 않는 부분을 수정하세요."
Pandas,"Q12. 'TypeError: cannot concatenate object of type '<type>'; only Series and DataFrame objs are valid' 오류가 발생합니다. 어떻게 해결하나요? 답변: 병합하려는 객체의 타입이 다를 때 발생합니다. 병합하려는 객체가 데이터프레임이나 시리즈인지 확인하세요."
Pandas,"Q13. 'ValueError: Must have equal len keys and value when setting with an iterable' 오류가 발생합니다. 어떻게 해결하나요? 답변: 할당하려는 값의 길이가 맞지 않을 때 발생합니다. 할당하려는 값의 길이가 데이터프레임의 크기와 맞는지 확인하세요."
Pandas,"Q14. 'KeyError: None of [Index(['<column_name>'], dtype='object')] are in the [columns]' 오류가 발생합니다. 어떻게 해결하나요? 답변: 지정한 열 이름이 데이터프레임에 존재하지 않습니다. 열 이름에 오타가 없는지 확인하고, 올바른 열 이름을 사용하세요."
Pandas,"Q15. 'ValueError: cannot reindex from a duplicate axis' 오류가 발생합니다. 어떻게 해결하나요? 답변: 데이터프레임의 인덱스가 중복될 때 발생합니다. 'reset_index' 메서드를 사용하여 인덱스를 재설정하거나, 중복된 인덱스를 제거하세요."
Pandas,"Q16. 'ValueError: Expected 2D array, got 1D array instead' 오류가 발생합니다. 어떻게 해결하나요? 답변: 1차원 배열을 2차원 배열로 변환하려고 할 때 발생합니다. 'reshape' 메서드를 사용하여 배열의 차원을 변경하세요."
Pandas,"Q17. 'TypeError: 'Series' objects are mutable, thus they cannot be hashed' 오류가 발생합니다. 어떻게 해결하나요? 답변: 시리즈 객체를 해시 가능하게 만들 수 없습니다. 시리즈 객체를 리스트나 튜플로 변환하여 사용하세요."
Pandas,"Q18. 'ValueError: Columns must be same length as key' 오류가 발생합니다. 어떻게 해결하나요? 답변: 할당하려는 값의 길이가 열의 길이와 맞지 않을 때 발생합니다. 할당하려는 값의 길이가 데이터프레임의 크기와 맞는지 확인하세요."
Pandas,"Q19. 'ParserError: Error tokenizing data' 오류가 발생합니다. 어떻게 해결하나요? 답변: CSV 파일을 읽을 때 발생하는 오류입니다. 파일에 잘못된 형식이나 빈 값이 있는지 확인하고, 'error_bad_lines=False' 옵션을 사용하여 오류를 무시할 수 있습니다."
Pandas,"Q20. 'ValueError: could not convert string to float' 오류가 발생합니다. 어떻게 해결하나요? 답변: 문자열을 실수로 변환할 수 없을 때 발생합니다. 변환하려는 값이 올바른 숫자 형식인지 확인하고, 필요하면 'replace' 메서드를 사용하여 값을 수정하세요."

Matplotlib & Seaborn,"Q1. 'ValueError: could not convert string to float' 오류가 발생합니다. 어떻게 해결하나요? 답변: 문자열 데이터를 실수로 변환할 수 없을 때 발생합니다. 데이터가 올바른 형식인지 확인하고, 필요하면 'astype(float)' 메서드를 사용하세요."
Matplotlib & Seaborn,"Q2. 'TypeError: 'value' must be an instance of str or bytes, not a float' 오류가 발생합니다. 어떻게 해결하나요? 답변: 문자열이나 바이트가 아닌 값을 텍스트로 설정하려고 할 때 발생합니다. 값을 문자열로 변환하여 사용하세요."
Matplotlib & Seaborn,"Q3. 'AttributeError: 'module' object has no attribute 'plot'' 오류가 발생합니다. 어떻게 해결하나요? 답변: 'matplotlib.pyplot' 모듈을 'import matplotlib.pyplot as plt'로 임포트했는지 확인하세요. 'plt.plot'을 사용하여 그래프를 그리세요."
Matplotlib & Seaborn,"Q4. 'ValueError: too many values to unpack (expected 2)' 오류가 발생합니다. 어떻게 해결하나요? 답변: 변수 개수와 데이터 개수가 맞지 않을 때 발생합니다. 데이터의 개수와 변수가 일치하는지 확인하세요."
Matplotlib & Seaborn,"Q5. 'TypeError: 'AxesSubplot' object is not iterable' 오류가 발생합니다. 어떻게 해결하나요? 답변: 서브플롯 객체를 반복하려고 할 때 발생합니다. 반복 가능한 객체로 변환하거나, 개별 서브플롯을 직접 다루세요."
Matplotlib & Seaborn,"Q6. 'ValueError: x and y must have same first dimension' 오류가 발생합니다. 어떻게 해결하나요? 답변: x와 y 데이터의 길이가 맞지 않을 때 발생합니다. x와 y 데이터의 길이가 일치하는지 확인하세요."
Matplotlib & Seaborn,"Q7. 'IndexError: index out of range' 오류가 발생합니다. 어떻게 해결하나요? 답변: 인덱스가 데이터 범위를 벗어날 때 발생합니다. 인덱스 범위를 확인하고, 유효한 인덱스를 사용하세요."
Matplotlib & Seaborn,"Q8. 'TypeError: unhashable type: 'list'' 오류가 발생합니다. 어떻게 해결하나요? 답변: 리스트 객체를 해시 가능하게 만들 수 없습니다. 리스트를 튜플로 변환하여 사용하세요."
Matplotlib & Seaborn,"Q9. 'RuntimeError: More than 20 figures have been opened' 오류가 발생합니다. 어떻게 해결하나요? 답변: 너무 많은 피겨를 열었을 때 발생합니다. 'plt.close('all')' 명령어를 사용하여 열린 피겨를 닫으세요."
Matplotlib & Seaborn,"Q10. 'ValueError: Unknown projection '3d'' 오류가 발생합니다. 어떻게 해결하나요? 답변: 3D 플롯을 그리기 위해 'mpl_toolkits.mplot3d' 모듈을 임포트했는지 확인하세요. 'from mpl_toolkits.mplot3d import Axes3D' 명령어를 사용하세요."
Matplotlib & Seaborn,"Q11. 'TypeError: 'color' kwarg must be an mpl color spec' 오류가 발생합니다. 어떻게 해결하나요? 답변: 유효한 색상 값을 사용하세요. 색상 이름, RGB 값, 헥사 코드 등을 사용할 수 있습니다."
Matplotlib & Seaborn,"Q12. 'ValueError: not enough values to unpack (expected 3, got 2)' 오류가 발생합니다. 어떻게 해결하나요? 답변: 변수 개수와 데이터 개수가 맞지 않을 때 발생합니다. 데이터의 개수와 변수가 일치하는지 확인하세요."
Matplotlib & Seaborn,"Q13. 'AttributeError: 'NoneType' object has no attribute 'set_title'' 오류가 발생합니다. 어떻게 해결하나요? 답변: 피겨나 서브플롯이 제대로 생성되지 않았을 때 발생합니다. 'plt.subplots()' 함수를 사용하여 서브플롯을 생성하세요."
Matplotlib & Seaborn,"Q14. 'ValueError: invalid literal for int() with base 10' 오류가 발생합니다. 어떻게 해결하나요? 답변: 문자열을 정수로 변환할 수 없을 때 발생합니다. 변환하려는 값이 올바른 숫자 형식인지 확인하세요."
Matplotlib & Seaborn,"Q15. 'TypeError: can't multiply sequence by non-int of type 'float'' 오류가 발생합니다. 어떻게 해결하나요? 답변: 시퀀스를 실수와 곱하려고 할 때 발생합니다. 시퀀스를 정수로 변환하거나, 곱셈 연산을 조정하세요."
Matplotlib & Seaborn,"Q16. 'ValueError: operands could not be broadcast together with shapes' 오류가 발생합니다. 어떻게 해결하나요? 답변: 배열의 모양이 맞지 않을 때 발생합니다. 배열의 모양이 일치하는지 확인하고, 필요하면 'reshape' 메서드를 사용하세요."
Matplotlib & Seaborn,"Q17. 'ImportError: No module named 'seaborn'' 오류가 발생합니다. 어떻게 해결하나요? 답변: Seaborn 라이브러리가 설치되지 않았습니다. 'pip install seaborn' 명령어를 사용하여 설치하세요."
Matplotlib & Seaborn,"Q18. 'TypeError: 'AxesSubplot' object is not callable' 오류가 발생합니다. 어떻게 해결하나요? 답변: 함수가 아닌 객체를 호출하려고 할 때 발생합니다. 올바른 함수를 호출했는지 확인하세요."
Matplotlib & Seaborn,"Q19. 'ValueError: cannot convert float NaN to integer' 오류가 발생합니다. 어떻게 해결하나요? 답변: NaN 값을 정수로 변환할 수 없습니다. 결측값을 처리한 후 변환하거나, 'fillna' 메서드를 사용하여 결측값을 채우세요."
Matplotlib & Seaborn,"Q20. 'TypeError: unsupported operand type(s) for -: 'str' and 'int'' 오류가 발생합니다. 어떻게 해결하나요? 답변: 문자열과 정수 간의 연산을 시도할 때 발생합니다. 연산 전에 데이터 타입을 일치시키세요."